-- MySQL dump 10.17  Distrib 10.3.16-MariaDB, for Win64 (AMD64)
--
-- Host: 127.0.0.1    Database: spa_v0
-- ------------------------------------------------------
-- Server version	10.3.16-MariaDB

/*!40101 SET @OLD_CHARACTER_SET_CLIENT=@@CHARACTER_SET_CLIENT */;
/*!40101 SET @OLD_CHARACTER_SET_RESULTS=@@CHARACTER_SET_RESULTS */;
/*!40101 SET @OLD_COLLATION_CONNECTION=@@COLLATION_CONNECTION */;
/*!40101 SET NAMES utf8 */;
/*!40103 SET @OLD_TIME_ZONE=@@TIME_ZONE */;
/*!40103 SET TIME_ZONE='+00:00' */;
/*!40014 SET @OLD_UNIQUE_CHECKS=@@UNIQUE_CHECKS, UNIQUE_CHECKS=0 */;
/*!40014 SET @OLD_FOREIGN_KEY_CHECKS=@@FOREIGN_KEY_CHECKS, FOREIGN_KEY_CHECKS=0 */;
/*!40101 SET @OLD_SQL_MODE=@@SQL_MODE, SQL_MODE='NO_AUTO_VALUE_ON_ZERO' */;
/*!40111 SET @OLD_SQL_NOTES=@@SQL_NOTES, SQL_NOTES=0 */;

--
-- Table structure for table `categories`
--

DROP TABLE IF EXISTS `categories`;
/*!40101 SET @saved_cs_client     = @@character_set_client */;
/*!40101 SET character_set_client = utf8 */;
CREATE TABLE `categories` (
  `id_categories` int(11) NOT NULL AUTO_INCREMENT,
  `name_categories` text DEFAULT NULL,
  PRIMARY KEY (`id_categories`)
) ENGINE=InnoDB AUTO_INCREMENT=115 DEFAULT CHARSET=utf8;
/*!40101 SET character_set_client = @saved_cs_client */;

--
-- Dumping data for table `categories`
--

LOCK TABLES `categories` WRITE;
/*!40000 ALTER TABLE `categories` DISABLE KEYS */;
INSERT INTO `categories` VALUES (111,'Hair'),(112,'Skin'),(113,'Jewelry'),(114,'Nail Paints');
/*!40000 ALTER TABLE `categories` ENABLE KEYS */;
UNLOCK TABLES;

--
-- Table structure for table `customer`
--

DROP TABLE IF EXISTS `customer`;
/*!40101 SET @saved_cs_client     = @@character_set_client */;
/*!40101 SET character_set_client = utf8 */;
CREATE TABLE `customer` (
  `id_customer` int(11) NOT NULL AUTO_INCREMENT,
  `name_customer` varchar(50) DEFAULT NULL,
  `phone` float DEFAULT NULL,
  `address` varchar(200) NOT NULL,
  PRIMARY KEY (`id_customer`)
) ENGINE=InnoDB AUTO_INCREMENT=2350 DEFAULT CHARSET=utf8;
/*!40101 SET character_set_client = @saved_cs_client */;

--
-- Dumping data for table `customer`
--

LOCK TABLES `customer` WRITE;
/*!40000 ALTER TABLE `customer` DISABLE KEYS */;
INSERT INTO `customer` VALUES (2256,'Dương Thị Châu',934123000,''),(2257,'Nguyễn Thị Nhật Linh',905060000,''),(2258,'Dương Mỹ Linh',988089000,''),(2259,'Mai Phương Thúy',988881000,''),(2260,'aaaaaaaaaaaaaa',352670000,'aaaaaaaaaaaaa'),(2261,'sfewgfr',352670000,'aaaaaaaaaaaaa'),(2262,'aaaaaaaaaaaaaa',352670000,'3MppaKd9AdQg4oDv1QpCHdQRqSwuzQgnWs'),(2263,'sfewgfr',352670000,'aaaaaaaaaaaaa'),(2264,'sfewgfr',352670000,'aaaaaaaaaaaaa'),(2265,'sfewgfr',352670000,'aaaaaaaaaaaaa'),(2266,'sfewgfr',352670000,'aaaaaaaaaaaaa'),(2267,'aaaaaaaaaaaaaa',352670000,'aaaaaaaaaaaaa'),(2268,'aaaaaaaaaaaaaaq',352670000,'3MppaKd9AdQg4oDv1QpCHdQRqSwuzQgnWs'),(2269,'aaaaaaaaaaaaaa',352670000,'3MppaKd9AdQg4oDv1QpCHdQRqSwuzQgnWs'),(2270,'aaaaaaaaaaaaaa',1234570000,'aaaaaaaaaaaaa'),(2271,'aaaaaaaaaaaaaa',352670000,'aaaaaaaaaaaaa'),(2272,'aaaaaaaaaaaaaa',352670000,'aaaaaaaaaaaaa'),(2273,'aaaaaaaaaaaaaa',352670000,'aaaaaaaaaaaaa'),(2274,'aaaaaaaaaaaaaa',352670000,'aaaaaaaaaaaaa'),(2275,'aaaaaaaaaaaaaa',352670000,'aaaaaaaaaaaaa'),(2276,'aaaaaaaaaaaaaa',352670000,'aaaaaaaaaaaaa'),(2277,'áº¥dsds',352670,'aaaaaaaaaaaaa'),(2278,'aaaaaaaaaaaaaa',123333,'aaaaaaaaaaaaa'),(2279,'aaaaaaaaaaaaaa',1111,'aaaaaaaaaaaaa'),(2280,'aaaaaaaaaaaaaa',352670000,'aaaaaaaaaaaaa'),(2281,'hoang',352670000,'abababab'),(2282,'hoang',352670000,'abababab'),(2283,'hoang',352670000,'abababab'),(2284,'hoa van',352670000,'tthue'),(2285,'hoa van',352670000,'tthue'),(2286,'hoa van',352670000,'tthue'),(2287,'hoa van',352670000,'tthue'),(2288,'hoa van',352670000,'tthue'),(2289,'hoa van',352670000,'tthue'),(2290,'aaaaaaaaaaaaaa',352670000,'aaaaaaaaaaaaa'),(2291,'sfewgfr',352670000,'3MppaKd9AdQg4oDv1QpCHdQRqSwuzQgnWs'),(2292,'vanVVVVV',352670000,'viet'),(2293,'sfewgfr',352670000,'aaaaaaaaaaaaa'),(2294,'sfewgfr',352670000,'aaaaaaaaaaaaa'),(2295,'SDGVFBG',352670000,'GNGFHNH'),(2296,'sfewgfr',352670000,'aaaaaaaaaaaaa'),(2297,'aaaaaaaaaaaaaa',1234570000,'3MppaKd9AdQg4oDv1QpCHdQRqSwuzQgnWs'),(2298,'aaaaaaaaaaaaaa',352670000,'3MppaKd9AdQg4oDv1QpCHdQRqSwuzQgnWs'),(2299,'aaaaaaaaaaaaaa',1234570000,'3MppaKd9AdQg4oDv1QpCHdQRqSwuzQgnWs'),(2300,'aaaaaaaaaaaaaa',352670000,'aaaaaaaaaaaaa'),(2301,'sfewgfr',352670000,'3MppaKd9AdQg4oDv1QpCHdQRqSwuzQgnWs'),(2302,'aaaaaaaaaaaaaa',352670000,'3MppaKd9AdQg4oDv1QpCHdQRqSwuzQgnWs'),(2303,'aaaaaaaaaaaaaa',352670000,'aaaaaaaaaaaaa'),(2304,'aaaaaaaaaaaaaa',352670000,'3MppaKd9AdQg4oDv1QpC'),(2305,'sfewgfr',352670000,'aaaaaaaaaaaaa'),(2306,'sfewgfr',352670000,'aaaaaaaaaaaaa'),(2307,'aaaaaaaaaaaaaa',1234570000,'1111111111'),(2308,'aaaaaaaaaaaaaa',1234570000,'1111111111'),(2309,'sfewgfr',352670000,'aaaaaaaaaaaaa'),(2310,'sfewgfr',352670000,'aaaaaaaaaaaaa'),(2311,'sfewgfr',352670000,'aaaaaaaaaaaaa'),(2312,'hoang minh',352670000,'Da Nang'),(2313,'Vietfsdv',352670000,'Hue Da nang'),(2314,'aaaaaaaaaaaaaa',352670000,'3MppaKd9AdQg4oDv1QpCHdQRqSwuzQgnWs'),(2315,'aaaaaaaaaaaaaa',1234570000,'3MppaKd9AdQg4oDv1QpCHdQRqSwuzQgnWs'),(2316,'aaaaaaaaaaaaaa',352670000,'123456'),(2317,'aaaaaaaaaaaaaa',352670000,'3MppaKd9AdQg4oDv1QpCHdQRqSwuzQgnWs'),(2318,'aaaaaaaaaaaaaa',352670000,'aaaaaaaaaaaaa'),(2319,'1234566',1234570000,'3MppaKd9AdQg4oDv1QpCHdQRqSwuzQgnWs'),(2320,'aaaaaaaaaaaaaa',352670000,'aaaaaaaaaaaaa'),(2321,'aaaaaaaaaaaaaa',352670000,'3MppaKd9AdQg4oDv1QpCHdQRqSwuzQgnWs'),(2322,'sfewgfr',352670000,'aaaaaaaaaaaaa'),(2323,'sfewgfr',352670000,'aaaaaaaaaaaaa'),(2324,'aaaaaaaaaaaaaa',352670000,'3MppaKd9AdQg4oDv1QpCHdQRqSwuzQgnWs'),(2325,'aaaaaaaaaaaaaa',352670000,'3MppaKd9AdQg4oDv1QpCHdQRqSwuzQgnWs'),(2326,'sfewgfr',352670000,'aaaaaaaaaaaaa'),(2327,'aaaaaaaaaaaaaa',352670000,'aaaaaaaaaaaaa'),(2328,'sfewgfr',352670000,'aaaaaaaaaaaaa'),(2329,'aaaaaaaaaaaaaa',352670000,'3MppaKd9AdQg4oDv1QpCHdQRqSwuzQgnWs'),(2330,'aaaaaaaaaaaaaa',352670000,'aaaaaaaaaaaaa'),(2331,'sfewgfr',352670000,'aaaaaaaaaaaaa'),(2332,'aaaaaaaaaaaaaa',352670000,'3MppaKd9AdQg4oDv1QpCHdQRqSwuzQgnWs'),(2333,'aaaaaaaaaaaaaa',352670000,'3MppaKd9AdQg4oDv1QpCHdQRqSwuzQgnWs'),(2334,'aaaaaaaaaaaaaa',352670000,'aaaaaaaaaaaaa'),(2335,'aaaaaaaaaaaaaa',352670000,'3MppaKd9AdQg4oDv1QpCHdQRqSwuzQgnWs'),(2336,'aaaaaaaaaaaaaa',352670000,'aaaaaaaaaaaaa'),(2337,'aaaaaaaaaaaaaa',352670000,'3MppaKd9AdQg4oDv1QpCHdQRqSwuzQgnWs'),(2338,'aaaaaaaaaaaaaa',352670000,'aaaaaaaaaaaaa'),(2339,'aaaaaaaaaaaaaa',352670000,'aaaaaaaaaaaaa'),(2340,'aaaaaaaaaaaaaa',352670000,'aaaaaaaaaaaaa'),(2341,'aaaaaaaaaaaaaa',352670000,'aaaaaaaaaaaaa'),(2342,'aaaaaaaaaaaaaa',352670000,'3MppaKd9AdQg4oDv1QpCHdQRqSwuzQgnWs3MppaKd9AdQg4oDv1QpCHdQRqSwuzQgnWs'),(2343,'aaaaaaaaaaaaaa',352670000,'aaaaaaaaaaaaa'),(2344,'ghhbjbjbj222',352670000,'3MppaKd9AdQg4oDv1QpCHdQRqSwuzQgnWs3MppaKd9AdQg4oDv1QpCHdQRqSwuzQgnWs'),(2345,'aaaaaaaaaaaaaa',352670000,'3MppaKd9AdQg4oDv1QpCHdQRqSwuzQgnWsqewdef'),(2346,'aaaaaaaaaaaaaa',352670000,'aaaaaaaaaaaaa'),(2347,'aaaaaaaaaaaaaa',352670000,'3MppaKd9AdQg4oDv1QpCHdQRqSwuzQgnWs'),(2348,'aaaaaaaaaaaaaa',352670000,'aaaaaaaaaaaaa54655'),(2349,'hoang minh ',352670000,'TT Hue');
/*!40000 ALTER TABLE `customer` ENABLE KEYS */;
UNLOCK TABLES;

--
-- Table structure for table `employee`
--

DROP TABLE IF EXISTS `employee`;
/*!40101 SET @saved_cs_client     = @@character_set_client */;
/*!40101 SET character_set_client = utf8 */;
CREATE TABLE `employee` (
  `id_employee` int(11) NOT NULL AUTO_INCREMENT,
  `name_employee` varchar(50) DEFAULT NULL,
  `sex_employee` tinyint(1) DEFAULT NULL,
  `phone` bigint(20) DEFAULT NULL,
  PRIMARY KEY (`id_employee`)
) ENGINE=InnoDB AUTO_INCREMENT=1005 DEFAULT CHARSET=utf8;
/*!40101 SET character_set_client = @saved_cs_client */;

--
-- Dumping data for table `employee`
--

LOCK TABLES `employee` WRITE;
/*!40000 ALTER TABLE `employee` DISABLE KEYS */;
INSERT INTO `employee` VALUES (1001,'Nguyễn Văn An',1,935456345),(1002,'Dương Thị Hồng',0,935456446),(1003,'Nguyễn Thị Bé',0,912345123),(1004,'Cao Thị Thảo',0,905060712);
/*!40000 ALTER TABLE `employee` ENABLE KEYS */;
UNLOCK TABLES;

--
-- Table structure for table `orders`
--

DROP TABLE IF EXISTS `orders`;
/*!40101 SET @saved_cs_client     = @@character_set_client */;
/*!40101 SET character_set_client = utf8 */;
CREATE TABLE `orders` (
  `id_orders` int(11) NOT NULL AUTO_INCREMENT,
  `order_date` date DEFAULT NULL,
  `id_employee` int(11) DEFAULT NULL,
  `id_customer` int(11) DEFAULT NULL,
  PRIMARY KEY (`id_orders`),
  KEY `id_employee` (`id_employee`),
  KEY `id_customer` (`id_customer`),
  CONSTRAINT `orders_ibfk_1` FOREIGN KEY (`id_employee`) REFERENCES `employee` (`id_employee`) ON UPDATE CASCADE,
  CONSTRAINT `orders_ibfk_2` FOREIGN KEY (`id_customer`) REFERENCES `customer` (`id_customer`) ON DELETE CASCADE ON UPDATE CASCADE
) ENGINE=InnoDB AUTO_INCREMENT=377 DEFAULT CHARSET=utf8;
/*!40101 SET character_set_client = @saved_cs_client */;

--
-- Dumping data for table `orders`
--

LOCK TABLES `orders` WRITE;
/*!40000 ALTER TABLE `orders` DISABLE KEYS */;
INSERT INTO `orders` VALUES (321,'2019-06-20',1001,2256),(322,'2019-06-20',1002,2257),(323,'2019-06-22',1003,2258),(324,'2019-06-23',1004,2259),(325,'0000-00-00',1001,2256),(326,NULL,1001,2281),(327,NULL,1001,2282),(328,NULL,1001,2283),(329,NULL,1001,2284),(330,NULL,1001,2285),(331,NULL,1001,2286),(332,NULL,1001,2287),(333,NULL,1001,2288),(334,NULL,1001,2289),(335,NULL,1001,2290),(336,NULL,1001,2290),(337,NULL,1001,2290),(338,NULL,1001,2290),(339,NULL,1001,2290),(340,NULL,1001,2290),(341,NULL,1001,2290),(342,NULL,1001,2290),(343,NULL,1001,2291),(344,NULL,1001,2292),(345,NULL,1001,2293),(346,NULL,1001,2294),(347,NULL,1001,2295),(348,NULL,1001,2296),(349,NULL,1001,2297),(350,NULL,1001,2312),(351,NULL,1001,2313),(352,'2019-07-09',1001,2326),(353,'2019-07-09',1001,2326),(354,'2019-07-09',1001,2327),(355,'2019-07-09',1001,2328),(356,'2019-07-09',1001,2329),(357,'2019-07-09',1001,2330),(358,'2019-07-09',1001,2331),(359,'2019-07-09',1001,2332),(360,'2019-07-09',1001,2333),(361,'2019-07-09',1001,2334),(362,'2019-07-09',1001,2335),(363,'2019-07-09',1001,2336),(364,'2019-07-09',1001,2337),(365,'2019-07-09',1001,2338),(366,'2019-07-09',1001,2339),(367,'2019-07-09',1001,2340),(368,'2019-07-09',1001,2341),(369,'2019-07-09',1001,2342),(370,'2019-07-09',1001,2343),(371,'2019-07-09',1001,2344),(372,'2019-07-09',1001,2345),(373,'2019-07-09',1001,2346),(374,'2019-07-09',1001,2347),(375,'2019-07-09',1001,2348),(376,'2019-07-09',1001,2349);
/*!40000 ALTER TABLE `orders` ENABLE KEYS */;
UNLOCK TABLES;

--
-- Table structure for table `ordersdetails`
--

DROP TABLE IF EXISTS `ordersdetails`;
/*!40101 SET @saved_cs_client     = @@character_set_client */;
/*!40101 SET character_set_client = utf8 */;
CREATE TABLE `ordersdetails` (
  `id_orders` int(11) NOT NULL,
  `id_product` int(11) NOT NULL,
  `amount` int(11) DEFAULT NULL,
  `price` float DEFAULT NULL,
  `total_money` float DEFAULT NULL,
  `name_customer` varchar(150) NOT NULL,
  `phone` int(50) NOT NULL,
  `address` varchar(200) NOT NULL,
  PRIMARY KEY (`id_orders`,`id_product`),
  KEY `id_product` (`id_product`),
  CONSTRAINT `ordersdetails_ibfk_1` FOREIGN KEY (`id_orders`) REFERENCES `orders` (`id_orders`) ON DELETE CASCADE ON UPDATE CASCADE,
  CONSTRAINT `ordersdetails_ibfk_2` FOREIGN KEY (`id_product`) REFERENCES `product` (`id_product`) ON DELETE CASCADE ON UPDATE CASCADE
) ENGINE=InnoDB DEFAULT CHARSET=utf8;
/*!40101 SET character_set_client = @saved_cs_client */;

--
-- Dumping data for table `ordersdetails`
--

LOCK TABLES `ordersdetails` WRITE;
/*!40000 ALTER TABLE `ordersdetails` DISABLE KEYS */;
INSERT INTO `ordersdetails` VALUES (321,4561,1,40,40,'aaaaaaaaaaaaaa',352670035,'aaaaaaaaaaaaa'),(322,113,44,44,55,'AAA',253,'252525'),(323,4563,1,450000,450000,'',0,''),(324,116,2,25,25,'aaaaaaaaaaaaaa',1111,'aaaaaaaaaaaaa'),(324,119,1,25,25,'aaaaaaaaaaaaaa',352670035,'aaaaaaaaaaaaa'),(324,133,1,33,33,'aaaaaaaaaaaaaa',352670035,'aaaaaaaaaaaaa'),(324,4560,1,60,60,'aaaaaaaaaaaaaa',352670035,'aaaaaaaaaaaaa'),(324,4561,1,40,40,'sfewgfr',352670035,'aaaaaaaaaaaaa'),(324,4566,1,60,60,'aaaaaaaaaaaaaa',352670035,'aaaaaaaaaaaaa'),(328,4564,1,60,60,'hoang',352670035,'abababab'),(329,4561,10,40,40,'hoa van',352670035,'tthue'),(330,4561,10,40,40,'hoa van',352670035,'tthue'),(331,4561,10,40,40,'hoa van',352670035,'tthue'),(332,4561,10,40,40,'hoa van',352670035,'tthue'),(333,4561,10,40,40,'hoa van',352670035,'tthue'),(334,4561,10,40,40,'hoa van',352670035,'tthue'),(335,4561,11,40,40,'aaaaaaaaaaaaaa',352670035,'aaaaaaaaaaaaa'),(336,4561,1,40,40,'hoang',352670035,'hue'),(337,143,2,33,33,'kinkin',352670035,'kin'),(338,143,2,33,33,'hoang',352670035,'rhtrhtr'),(339,4561,1,40,40,'aaaaaaaaaaaaaa',1234567890,'aaaaaaaaaaaaa'),(340,4561,2,40,40,'sfewgfr',352670035,'3MppaKd9AdQg4oDv1QpCHdQRqSwuzQgnWs'),(341,4561,2,40,40,'aaaaaaaaaaaaaa',352670035,'3MppaKd9AdQg4oDv1QpCHdQRqSwuzQgnWs'),(342,4561,1,40,40,'sfewgfr',352670035,'aaaaaaaaaaaaa'),(343,4561,1,40,40,'sfewgfr',352670035,'3MppaKd9AdQg4oDv1QpCHdQRqSwuzQgnWs'),(344,4561,4,40,40,'vanVVVVV',352670035,'viet'),(345,4561,1,40,40,'sfewgfr',352670035,'aaaaaaaaaaaaa'),(347,4561,1,40,40,'SDGVFBG',352670035,'GNGFHNH'),(348,4567,1,65,65,'sfewgfr',352670035,'aaaaaaaaaaaaa'),(349,114,1,25,25,'aaaaaaaaaaaaaa',1234567890,'3MppaKd9AdQg4oDv1QpCHdQRqSwuzQgnWs'),(349,4560,1,60,60,'sfewgfr',352670035,'aaaaaaaaaaaaa'),(349,4561,1,40,40,'aaaaaaaaaaaaaa',1234567890,'3MppaKd9AdQg4oDv1QpCHdQRqSwuzQgnWs'),(350,4561,1,40,40,'hoang minh',352670035,'Da Nang'),(351,4561,4,40,40,'Vietfsdv',352670035,'Hue Da nang'),(355,4561,1,40,40,'sfewgfr',352670035,'aaaaaaaaaaaaa'),(356,4561,2,40,40,'aaaaaaaaaaaaaa',352670035,'3MppaKd9AdQg4oDv1QpCHdQRqSwuzQgnWs'),(357,4561,2,40,40,'aaaaaaaaaaaaaa',352670035,'aaaaaaaaaaaaa'),(358,4561,2,40,40,'sfewgfr',352670035,'aaaaaaaaaaaaa'),(359,143,1,33,33,'aaaaaaaaaaaaaa',352670035,'3MppaKd9AdQg4oDv1QpCHdQRqSwuzQgnWs'),(360,143,1,33,33,'aaaaaaaaaaaaaa',352670035,'3MppaKd9AdQg4oDv1QpCHdQRqSwuzQgnWs'),(361,143,1,33,33,'aaaaaaaaaaaaaa',352670035,'aaaaaaaaaaaaa'),(361,4561,4,40,40,'aaaaaaaaaaaaaa',352670035,'aaaaaaaaaaaaa'),(362,4561,3,40,1600,'aaaaaaaaaaaaaa',352670035,'3MppaKd9AdQg4oDv1QpCHdQRqSwuzQgnWs'),(363,108,2,25,625,'aaaaaaaaaaaaaa',352670035,'aaaaaaaaaaaaa'),(363,4561,3,40,1600,'aaaaaaaaaaaaaa',352670035,'aaaaaaaaaaaaa'),(365,4561,5,40,1600,'aaaaaaaaaaaaaa',352670035,'aaaaaaaaaaaaa'),(366,4561,4,40,0,'aaaaaaaaaaaaaa',352670035,'aaaaaaaaaaaaa'),(367,4561,5,40,200,'aaaaaaaaaaaaaa',352670035,'aaaaaaaaaaaaa'),(368,4560,4,60,240,'aaaaaaaaaaaaaa',352670035,'aaaaaaaaaaaaa'),(369,4561,3,40,120,'aaaaaaaaaaaaaa',352670035,'3MppaKd9AdQg4oDv1QpCHdQRqSwuzQgnWs3MppaKd9AdQg4oDv1QpCHdQRqSwuzQgnWs'),(370,4561,3,40,120,'aaaaaaaaaaaaaa',352670035,'aaaaaaaaaaaaa'),(371,4560,4,60,240,'ghhbjbjbj222',352670035,'3MppaKd9AdQg4oDv1QpCHdQRqSwuzQgnWs3MppaKd9AdQg4oDv1QpCHdQRqSwuzQgnWs'),(372,101,1,25,185,'aaaaaaaaaaaaaa',352670035,'3MppaKd9AdQg4oDv1QpCHdQRqSwuzQgnWsqewdef'),(372,4561,4,40,160,'aaaaaaaaaaaaaa',352670035,'3MppaKd9AdQg4oDv1QpCHdQRqSwuzQgnWsqewdef'),(373,4561,3,40,120,'aaaaaaaaaaaaaa',352670035,'aaaaaaaaaaaaa'),(374,4561,3,40,120,'aaaaaaaaaaaaaa',352670035,'3MppaKd9AdQg4oDv1QpCHdQRqSwuzQgnWs'),(375,4561,2,40,80,'aaaaaaaaaaaaaa',352670035,'aaaaaaaaaaaaa54655'),(376,101,3,25,75,'hoang minh ',352670035,'TT Hue'),(376,102,1,25,100,'hoang minh ',352670035,'TT Hue');
/*!40000 ALTER TABLE `ordersdetails` ENABLE KEYS */;
UNLOCK TABLES;

--
-- Table structure for table `product`
--

DROP TABLE IF EXISTS `product`;
/*!40101 SET @saved_cs_client     = @@character_set_client */;
/*!40101 SET character_set_client = utf8 */;
CREATE TABLE `product` (
  `id_product` int(11) NOT NULL AUTO_INCREMENT,
  `name_product` varchar(255) DEFAULT NULL,
  `original_price` float DEFAULT NULL,
  `price` float DEFAULT NULL,
  `amount` float DEFAULT NULL,
  `category_id` int(11) DEFAULT NULL,
  `image` longtext DEFAULT NULL,
  `description` text DEFAULT NULL,
  PRIMARY KEY (`id_product`),
  KEY `id_categories` (`category_id`),
  CONSTRAINT `product_ibfk_1` FOREIGN KEY (`category_id`) REFERENCES `categories` (`id_categories`) ON DELETE CASCADE ON UPDATE CASCADE
) ENGINE=InnoDB AUTO_INCREMENT=4572 DEFAULT CHARSET=utf8;
/*!40101 SET character_set_client = @saved_cs_client */;

--
-- Dumping data for table `product`
--

LOCK TABLES `product` WRITE;
/*!40000 ALTER TABLE `product` DISABLE KEYS */;
INSERT INTO `product` VALUES (100,'Alpha & Cetaphil',200,238,120,111,'/template/user/images/Skin1.png','Lorem ipsum dolor sit amet, consectetur adipiscing elit'),(101,'Relove   Moisturizer',22,25,30,112,'/template/user/images/Skin4.png','Donec sit amet auctor sem. Quisque condimentum ullamcorper bibendum.'),(102,'Moisturizer',22,25,30,112,'/template/user/images/Skin5.png','Donec sit amet auctor sem. Quisque condimentum ullamcorper bibendum.'),(108,'Dolce & Gabbana',22,25,30,112,'/template/user/images/Skin2.png','Donec sit amet auctor sem. Quisque condimentum ullamcorper bibendum.'),(109,'Dolce & Gabbana ',22,25,30,113,'/template/user/images/JEW1.png','Donec sit amet auctor sem. Quisque condimentum ullamcorper bibendum.'),(113,'Dolce & Gabbana',22,25,30,113,'/template/user/images/JEW3.png','Donec sit amet auctor sem. Quisque condimentum ullamcorper bibendum.'),(114,'Gabbana Perfume',22,25,30,113,'/template/user/images/JEW4.png','Donec sit amet auctor sem. Quisque condimentum ullamcorper bibendum.'),(116,'Perfume',22,25,30,113,'/template/user/images/JEW3.png','Donec sit amet auctor sem. Quisque condimentum ullamcorper bibendum.'),(119,'Gabbana Perfume',22,25,30,113,'/template/user/images/JEW2.png','Donec sit amet auctor sem. Quisque condimentum ullamcorper bibendum.'),(120,'Christian Louboutin',20,33,40,114,'/template/user/images/nail_paint1.jpg','Mauris hendrerit commodo justo, sit amet tempor odio commodo id.'),(121,'Christian Louboutin ',20,33,40,114,'/template/user/images/nail_paint2.jpg','Mauris hendrerit commodo justo, sit amet tempor odio commodo id.'),(131,'Louboutin Silk',20,33,40,111,'/template/user/images/hair1.jpg','Mauris hendrerit commodo justo, sit amet tempor odio commodo id.'),(132,'Louboutin',20,33,40,111,'/template/user/images/hair2.jpg','Mauris hendrerit commodo justo, sit amet tempor odio commodo id.'),(133,'Silk',20,33,40,111,'/template/user/images/hair3.jpg','Mauris hendrerit commodo justo, sit amet tempor odio commodo id.'),(136,'Loubo',20,33,40,111,'/template/user/images/hair5.jpg','Mauris hendrerit commodo justo, sit amet tempor odio commodo id.'),(143,'Louboutin sert',20,33,40,111,'/template/user/images/hair4.jpg','Mauris hendrerit commodo justo, sit amet tempor odio commodo id.'),(4560,'sala 3d',45,60,40,112,'/template/user/images/Skin2.png','Lorem ipsum dolor sit amet, consectetur adipiscing elit.'),(4561,'lavender',25,40,50,112,'/template/user/images/Skin3.png','Lorem ipsum dolor sit amet, consectetur adipiscing elit.'),(4562,'twisted olive',32,45,30,113,'/template/user/images/JEW4.png','Lorem ipsum dolor sit amet, consectetur adipiscing elit.'),(4563,'spacious',32,45,50,113,'/template/user/images/JEW5.png','Lorem ipsum dolor sit amet, consectetur adipiscing elit.'),(4564,'Crystal Moon',45,60,60,113,'/template/user/images/JEW3.png','Lorem ipsum dolor sit amet, consectetur adipiscing elit.'),(4565,'Gel painting',14,20,40,114,'/template/user/images/nail_paint3.jpg','Lorem ipsum dolor sit amet, consectetur adipiscing elit.'),(4566,'Fol KT5',40,60,50,114,'/template/user/images/nail_paint4.jpg','Lorem ipsum dolor sit amet, consectetur adipiscing elit.'),(4567,'Tim-hair',58,65,40,114,'/template/user/images/nail_paint5.jpg','Lorem ipsum dolor sit amet, consectetur adipiscing elit.'),(4571,'hydrating',111,111,11,111,'data:image/jpeg;base64,/9j/4AAQSkZJRgABAQAAAQABAAD/2wBDAAQDAwMDAgQDAwMEBAQFBgoGBgUFBgwICQcKDgwPDg4MDQ0PERYTDxAVEQ0NExoTFRcYGRkZDxIbHRsYHRYYGRj/2wBDAQQEBAYFBgsGBgsYEA0QGBgYGBgYGBgYGBgYGBgYGBgYGBgYGBgYGBgYGBgYGBgYGBgYGBgYGBgYGBgYGBgYGBj/wAARCAFUAeoDASIAAhEBAxEB/8QAHAAAAgIDAQEAAAAAAAAAAAAABAUDBgECBwAI/8QAQRAAAgEDAwMDAgQFAQYFBQADAQIDBAURABIhBhMxIkFRFGEHFTJxI0KBkaFSFiQzYrHBCBeC0fBDcpLh8XOU0v/EABsBAAIDAQEBAAAAAAAAAAAAAAABAgMEBQYH/8QAPREAAQMCAwQIBgEDAgYDAAAAAQACEQMhBBIxBUFR8BMiYXGBkaGxBhQywdHhQhZS8RUjM2JykqLSJDTi/9oADAMBAAIRAxEAPwD5U9zzrP78axjnGDrOOdb1hW3v51jP/wDNY1nHOhJbA8eDrOefvrTPHzrYfbTRC3/pjWfjka0B1sD8e2hC2GNbDPGtQOdb8EY0kLYZ8Y1uDqMDnGpByONNC3AzrbnWg1IPHjQhbAfbWwGDnXl8a2HvjOhJewNbAa8Bn21sBxzoQvAa3Cn214D39tSKudCS1A/vrO321IF8HxrcJn200lDt9tbbOPGpNn21sE0IUW3WdvvjUvbOPGttn20IQ+37f31kLojt41t29CEPt17b9tFdvI8DWO37nTQh9ms7NEdvjWRGPfQhQbCf/wBayU0Rs+Bxr2z40IQ+zXtupygxr23QhD7eNalftohlwP8A9a0ZOPGkhDMvGoyDnRDAfGomAAzoThDsPtqFtTsP66iYE/fUSmFC2ojqdl1oQPjSUlAc6jYaIK861KjQhDEHWpB0QV58a1K6EIcg61K6nK8a1Ix4GhNQldaldTEa1K8e+kU1EVGdY26kK/bXiukhRFB9ta7BqUrzjGsEHHjQhQ7MawVP/wC9TbSDr2wnkjQmFDs17YQPbUpjOPB1kJ7Yzxppwodh1nYPnRCxHHjWew3+kaITCJNOR7a1MJ+Dpu0HyNRGH7akqkr7R+NamM/GmbQe2NaGDSQl+wg4GvbT8aONPrXsHHjTQg8H4xrYA6J7B+Ne7Jz40IUABz41sBz41L2vtrYR8eNCFoB+2twPtrIj1IqH30IWFXPtrdV+2tlT7alVPHGmorQKfjUgU6kWL7anWHjGNCEOEIHjUixk8Y0UkGfbUywfGhCEWL7f11IsR++i1h+2pFhx7aEIIRN5xrYRnGMaOEPOtuxx40JIARfOthHj20b2NZ7GdCEGIxrbs6K7WDrbtH3/ALaEIPZj99bKh0WI/cga2EemiEHs1nZoztf/ADGvdrQiEFs417YfbRhi48a1MR0IhDbTnXtmiO3zjXigI0IhD7OdYKnHg6n2fGvMBjxpIhCsNRNnHGNFMoOomTjQnCEfOomBzjRTJ8aiaMnOlKaEZedRsuizH9tamLSTQTJxrQro1oSDqNojoQgyp1qVOi2i1oYiPA0IQhU/GtSuizHrUx6EIQodYMf2/vovt6z2dCaC7f21kQk540wSnJ9tEx0e720IlJhTMT41sKNj7HVhit+4+ONGxWsNgY0JZlUxQsT+nXvy9/Yf41dks4I5Gplsqnyox+2hGZUUW9/9OtvyxyRhDq+LZ4h7DW4tUajgA6EZ1RFtT45U6mS0nn06un0MYJ+MayKSLODjOhGdVOKz5428an/Jk+Dq0JSKRwPHnUn0afI/toSzKoGI58a0MWTpj2MLnWRACvA5++hKUraA8nWvY9h50zNO2M7eNafTt8HQiUv+nPvrUwE8Y0zMTHgLry05x40ISvsfbXvpvkabrS5+2tjSEckaaEm+l+x176bHtp2Kbg+nWwpBn9OhEpEKY58HW/0/PjT0Uak+NbfQKfjRKEiWA/GdSpAeODpx9Bj21stGD7c6JQlscB0SlP8AbR6UnwNTrSHPGiUIBYBngamWm0wSkOplpx76JQlq0/21v9OD7aZCAfGtuxz40IS0QY1kwHxjTQU4+Ode+m+2hCVdnjxrPa01FLn2140v20ShKu1n217tY9udMjTfC86x9OceNNCXGLnxrPaGPGj/AKf7ax9P9tMJoHt69sOfGjvp/tr3YPxoQgTH9tZ7Z0aIMe2sGLQhAmLOo2jHPA0eYsaiZPgaaEE0fxqFk50cyY8aiMZPtqKIQTIdalDnxo3tZ4xr3a+2lCIQBi1r2dMexkeONeFNn2OknCWGH7awYPtpsKQk+NbCj+2hEJMab5GtGpsjxp59GT7HWDREe2hOEgamPxqM0xxqwGiJH6daNRn40IhV805B8a1NPznGnzUf/LrT6T7aEJIKbPtqVaX7abCj+2pUojnxoSS2CkG7kaPSlULnA0bHSL/8GiBDtGAM6EkBHDsbxo6BBnWwiPGRrdQRwAcffQkikVBydZaZF8ePjQ5BGtCwB9RGdCisyTEE44GofqSD51tK6hftjOdL5pYwTyf66YCERJVDnJGovrFzwc6WTzDcSG40DJOVGd39joThWT69NuM8a0/MV/1DVVatf/VrUVxx50J5VfJaBWxsVQPg862jtq7NpRT8FdNUizjdjH/XUjZjHpUftqEqEpULXuwoGB/01k2JWzyBp1T7icyBVH34xo5IoXXClW+wOiUSquLMiHlAc/bWHtSBuE/xq1tBGv6V/wA6GkUAgBCc6colVh7QjcKDnW35SoQEsDjT5qaRycELnzrdLc/B2599Epqvi1ArxzrzWs44U6tMduOOFwdbijCY3L/YaJRKpptzqf061NI6nO3V2FCGBIjGfvrUW1T5T+40SnKpQhYkenW4p3J/Tq5NZ4+MIP7a2SyHyF4OiUSqklOcj06nWmbHAOrWtiA/l/xqZbKcA7f8aJRKqaUxJzjUq0uc/wCNWoWRiD6dZ/I3HOzTlCrC0TDnHOdSCl45XVlW0MByp/trP5W2eF/xolNV4UZI/TrYUXHI1YhbX4ympBbm/wBJ/tolCrS0X/LqT6AkcAjVkFvPuuNSLbyfC6JQquLcAORrD0AA/Tq0/lzf6dYNuPOU86JTVSNBkZxrQ0BHsdW8Ww8jb/jUUtAynAXTlEKp/RH/AEnWrUf21avocjlMfcDUb2zPAB05RCqr0uDgahanPjGrW1qP+nQz2o7s4/polEKstTn41C1OR7atBtxHldRPbffbzolEKsGmJ8699JkeNWQWw7sY86kNpdV/R50SmqqaQjyNZFKM+NWR7a4I3JrVbeSf0f00kJElFu9tSrQfA1YIredp9Pj7a3+hI/l0Qmq+KP226z9GPcafrTBuAuMa2FCCORpIlV8UfPtnW30PGSvPxp+Led3A0RHbTgnB0IlVc0GPKgaglo9vOONWqaj2gjwdQNRlkPGdCJVVanHwNQNTjPg6sU1AV9iM/bzoN6XB++hJKlpxnBXU6QgHxokwYJ15Y2J40JFDdnnAGt1jG3GDnRQj9Odp8622KMDGNNRlBCPa2SMjXiADwuiZCMYAwc6GkOFzpI1ULtjOdLJ5yHPOBn20XNKVHOf20qqJAW001pNWHBBOl81WuM5xrE7ZLA/00vk54PnQmFmWrbB9v6+NCvUMxPOstt1DwTpJrUyknGtd4+DrZgvtxrXB9hoQu3Qes8Dj99TSK/BRRweNV6G4TwSr6ztH+f30Q14nK7jIdpOMeMajCqhHyIWJMrEH4A0RTRyIAQQMeMaAgrI5FBYkn203o56dfVUPwOAAPOhCIgDjljkn21v242JJ4B0XFU0kiBcCNT7txjXlSAndHNGAeBltKUkElMd2A2c6MpUIAUoc+NSmnQLkSKxP+k6ngCocDBb76JTW6RZ4C63+lTOSM/01v3jGcGM8/wCdSRyiQDIx9saSFAIVIAxqaOFGGManVNx4XRMcQHJA0SmokpE8mPOiUpE9kA/pqeMAEDnOilUBQW1HMU0OlGhHKg63NAm30jB+dFJw+CPOp1QkeOfjSkppS1E4PGP7akjgKnEiYGnKRY1MIFb2zolCUrQxuo9P9ca8LQhOcadrTKAOB/TU604/tpSnCRLaUHgf3GpBaEPGwf21YUgU+BqdKcDnGnKcKtiyR+SuvCzoD+nVoFNn21v9KP8ATpSnCqrWlNvII1CbUp8JnVuemIH2++oTR8kbcHTzIhVJraFPK41o9ApP6Of21a5KAhckZGhHpOMYxp5ihVh6BGPC6j/LFBzjVjej5yOdDyREHGNSDkQkZty+duh5LapGQurB2weCNZNOCuMcalKSqptoznbrZLMje2NWcUAYeNSCgI9tGZEKrixNkEDx76lFpAXayZ/bVqSmI4IBGpRSKM5XSzpwqY1oVmzt4+Mag/JsyZ28avP0kZb9PnXmt4YcLzpZ0QqT+VKBjbjUT2k4yE1dvymRjhI+f21k2eVR/EXGnnQqEbY2f0nWBa2H8pGrwbUPcY1HNZ5Nu5RxozpKrU1o38n9PvnRYtgjQlRkeORpxBRtE3KnGjDGhiK7TxqJehUya1NJyefbB0HJaSpzq3vTlgV2nW35YCMMp8aYekue1lCzHgbsecaVy0TY4B/qNdPayxtE0mMD76QV1q2Z9/6edSDpSVDanKN486x2DjIHP21YZ7eUPGMaW1MRjfGAOOcalKRKXkenGtSRnJzxqVjjkgaglk4OTnQkhpSBn50tqJD7edGzPk5HGgpcZJY6YTCWzysSc++lkrEn/rptUR5Jx+2llQjIM4Gf30FNATHP76CkwAD/AJ1POxH76AlkPPOhMLSTGeNQkgDJOPudYeYeccagef2B0lKFsz86x3/voV5Tzz51Hu0JrtMtPEsZBcEDQMioDtHj++mk0SyIY/8AVoM2uTkqSR8aSpBUCTbcAamFaARljx8aEqaOaPJy3HvqARSYIIIz76alEpwlxYnBLf10dDVEkAnGlNHRy7gHU+dPY6DYA2Dx86SRhNbbUszf/MabLIzP6Sc/fjSalZY14wP/AH1tJVTuScHA9x76jCingqTvAdycHxotJoQ3pY/11XI5mOCcg40UgmbBAJxpQhWFZlVgO4uDo6JwwHhtV6JJ8bmBzouAzhgvOlCaeqVLcFdEodwxnS2CCXaCzYB0VhlXjP7g6iUI5Btk5zoxByTnS+kk2gFjk6J3l24HP29tJNHxt48Dn31NAGAPcIOh44pSFBHHnOmENP499EpryctjHOi44Sw99bRwhf5cnRUaMTjGoqSjSnI8HRCRNgZGiY4OBzqYRe2nKcKBYScDRC0wI1uiBOX0XCUcaSaDelXaP++tFpPtppJEhTlgNDPKsJ4wc+caEyhhQCVcD20srqJ4D+kY+Rp0Kz0+cftqGpZJoTuGT7aElVJCFIx50M6A8nTGri2yHGNCrA7P41aNEkIICTwNTRUhJ8aYRUMu0ELnTKmtjMu5jj7aRcgJVDRHdnjRaW4uTxzp3HRwxcKPbnOpP4SHGB/TUJTSWO2BmwcD7HRq2aEAZyfto9REPVkZ1tJNgYGM40ShLZLLG2WQEcfOtY7ZsbkAjRn1Jx51ur5GTgaJTWBBTxRYIUE/bS2t7bZAwT8aYyoHHJzqBKVWfJPtwNCSQvGPGDjWopp5DgAgfcasq0YByox99YakweWHn40ShJhbVKDuY/bWfymDIOw408EKAc+R9tbBYz5P9tLMiEk+hpVTaIAT99RVNNGF/hjzxjGrAywAH05/roWSOFgQFwffGkCkQq8kCoCWYY9wdJLnBG8behVxzxxqz1dEw/Q/HxpLVWx5P0y+fI1IFQKoNbT4JC6QVcGZMY5OujVHTsmwtuB1WLlbmpgytjOrmumyiqLURkEjGlsgI9tWSpo5CxymPjSipgK5yNWBCSzOfnQkku1edF1p2KTgjVerKp14x540SpKeWrQA8+PnSqprlIOT40BPUOWJzoGSRiME6EwFNUVRYnwNLpZck62Ysc86iZdJTULMc+dQsTnU7DOoyhz76EKAqc60IbPjRQiLeAdbCnbGhErq8dxBHOTphBVyZwNIqNFB9QyfbR5laMDbyftpKohOTJG8Y7qKT99SwU9K0oxGONVxqqRXwQQRzoqG5Oo8kfGNEIhWtVgVPSqD9tSxOhJVlGNVdbmxP6s6Ijr2LedRhKFZFp4pPOFB41MtFCpCg7tI4LkQNuef20wp7hzkgn750QUJtFQRuOMfsdH06R07YZQW9joSmqYyu9gQB751FNWCRvSTqKE7gWJ5MgEDOdGxQxqxPn7aRUU7bgGbAHI03inDFQc8/OkZQjwQDwOfjUiqGONDI3ODj99Gxr99RTU8FOD5GRnTKGnjXHGhacEDnxphEM4OP76SAp0wowfGiou2ffn4OhGL7eF1H32icbwRj3OkpJ5GmefbRIkCLwB++k0VzXZ4DY8Y1JG0s0gKlgPOhNNhV4baCM/Gp1qCeP7nSCaTs+Sc63jrMkHg+2hCfLJn0ltSNuUAox50upZEk9cjEAaLNRCU9LHPsToTC1eWbBySNR7yyck+edTSzRsgLaHeSM/zcH40IWhdj+k6wHcecga17sQPpA1iSRCPOnCFHKiSP451LT0gJyP66hQKrE5JzohJwi4BxplCYIqom348a3720HjS5q1VB9WtDVnzu40oQjJJGySCf20OZCrcnUX1GeRqGab0biD++mGoRP1JzyT/AH1t9ST5OlJqDu+R863WTd7++NPKhNIpELZzxqczL4GlIcjkEf01IJ8Dn++owhHGcjyTrdKnH6vGlzzY41C1Q6qQR+2iESnwrFC8MNQPXD5H76QmqcZzx/XUDVjHPOiESrB9cCcZGdYNWB/NqumqO4YyNY+of5OlCUqxGrLkY8D76zFMwlPcKlPbVfjqmUcNkanWtz+rj+miESnFTNGy4GMn40rmZc4GvNUrsBVgR5GhqioUjhRnQAl2rLOpXA0huFJHM5diMj7caIqKoRoTzpbLPJIuN3v40wokpBX0yRh3b9I+dUi6SsHbYoAPjA10aopRUL6iTqs3Sz5LsF4Az41cxyiubVvcYktydV+qRueM41fqu0TDJ7bY/bjSiWyO5/4ZHzxqxSlc/mgfJyNDGlcnxq9zWMhsBDrT8mCpgIP6jQpZlRDRyD+XUMlM45KkavzWfdwUHHxqCWzoeCuhGZUL6ZycAY/fWy0hLcn3xq5mxqhyBzrQWqJf1KNEJ5kjp6KJUGSD+2iPpIv9A/tpi1CA2VH21j6Q/OkoymkSAAc/10ZGUU88nSuGqBwCdEpUKfJB0kQsVUydwljg+2oFnXO0Ea1qQJCTg6AcSZLRIcDznTTTpJ0AGcE6njrUGq0ahwDngHXlq5Rwc6EK1pVb2yp50dBWGN/OdVKCsIIOTpjDWeCeTpIVxhrXK4J/zoyGfI8/01V6WsJIGfOn9vU1LbQG/f2GkokJ/Qzb5dpAxj30+g5AGMffSahphFg55x503pwd376g5ATGJCSCNHRJlwTnQ0Awg++mUSen04z++oJKeEDOMHR8Xjg40LEu1QcY40XCDjcwxnxpKQRURUYGcnW08CvCeM+/jWIACeeNHKQVAOkmkxiRBwu376mSt7G3Izj2HnWtwZEqPQMA849tBySggt9tMIRk9QtQ+/gY1CkwDADnS8u5Q4IGsLUbW5PjUw1CfpI5TO7Gp1LHAyc6WQTF0ByNHRMxIAXnUYTRTF2XA9tDt3VHJ0QiyMc4IOjILeZ3w+cfI0AwhI+5Irff2zqNpZd/OcatQskJ88/BOvfkcI/lH9BqWcJwqws0gU4B15pnKjJPHHnVkawoo3YyfjOhvyJmB2rt++nnCSQd5s88Eami3sT6vI0XNaZEOVI8+NeSilU54yNSkIWERmQAcH3++pHhcIA4BGp4qOql5wBjUn0ki8Se331AuQlE1PtUuuoApIxk/GrF+Xq6lQvnWwsQI3KcHTDwmkGxwmef3B1IhYrhs8Hzp+LKRxrcWUBcaiXIVfILD31pliuMafyWrAG3U8FoRhyuf6aWZEFVCQPk+edapSvIoOMD76uVTYlCFljOgGt5iO3ZwPOjNKISSC2Sk52/10WLWAuGxn2xpxuVIVQJjA86gkmVk8eoe+opJabaoTKgcffQNRRMuNp/oNMpajHAOTqETEk5HGhCRyfUxZAQnHnQ7VEr4UjnVjbYQRj/ABoaWnikX0qARpylCRijaVgCQAfnTCOy0phGH9XvqKWCWGQFOV+NEQvKzKQP30FJeFpgjUqUBzrD2qkliMfaUf8AfTFe8RywxoKqeVAdueeBjUZKcBJ67pqjZCCBtP8AXGlD9GbnyFCr5xjVsp1q5akx9otnznnTwxTwwR7UEbY5LYP+NGchRLVyKs6UWnkO6HB9gdJ57LFHkPBgjXYa2ClnqC8zbzjwBjVZuFvg3OIhhj/fVjaiiQuWVdqCnCkcj40oqKAxsCBnOr3XUUquQyEc+NJJ6VmJ3qcfYatDklVZIAAcjB+2gpoR76f1VDKwJQfc/bSWeGRVO7jnGpKQKWuqA7QBjWvHzqRyF84xqEyx58DTUktXdgnknUyBghJOvRgYzxolFBGMaimtYwzNwM/treZQqjcMhv8AOiYYwqcDA1NURI8QLDA+2hCUw0qLLg+ofcaNmtUU0A2kFx7gajEa/WqBkjHtpiYmWYY9/fQhJqq2ilg3B+Rj+uh6aXJ2kc6tUlEs8AWTn2zpMLYY64hPWvsw0ShFUMDuu8kj4A99Wu0LIo3EYxoO2U6R0wXZ6vc40+oEVGChQAdCiSnVKGKqc/102ptoIDHS2nIGOdMoT6xkDb76rchNIccHHGj4m9WTpZAWUeSV/wCmjoc7c/OoITGNgcA6LjbnA/tpfCxHONHQDI8aimEwiAIAI0YkWV5z+2g6c8+PGmCMBwNCcKI2+KUkNk599LLhaO2+6A7gPY6sUfjU3YjmTDjOkCnCpRt84i3BSP6aH+gkzuII/fXQEtsJPgkH21JJaadkwFAPzjUg9PKVTqOjkbChdWi22kOo3ryNH0luWLjYBn501gp1jOFGNRc5SDeKFjtNPgDA/fGjYbXGv8o+2i4k5GikX7ahmKlAQS0Ck42DHzqdbdEy7SMaLVcnxqVVPAGlJUoQH5REASPGtxa4wmcEgDxpmikedb4xpZiiAqRVWSaWraTBAzxgax+TyIozHkEecau0rYj9CAk8agMTNDtYgDzjHOph6WUKqLRmNDtUhscgnzqGSkEi7whH3xq0/QysTlU/qNDyUL7tgUn5xp5ksqrHZ7Z8HjRMLEkAqc6ePb4yQWXHvjWFpOdoTA+dGZLKo0hLU4JXJ/bxoeSBiTgDjwNOYkiji2A5x7aiZEL8DaftqMqUJIYZMENFnXhEYl37SNWFIwYzxz86ikpBIpBGTpZkJctUnZ24GSPfS2Xtl9qFSfvpzJZ3khCqGHPnWY7DtIYgFh76JAQqZVgl9qg/bjS+SKXOMfvnXQDYgZNxC4z51KtmpwcGAH9xqWdQyrnCUNRI+RGSPdscDTGktMciYZCp+Tq9m1QBdoix+2tEtSbx6WH9NIvTDVTHsaEkKrKdafkrKxG08+SBroItY2gBSTrDW3aP0gf01HOUZVziWzR5wVOTqNbBsJbeBn2I510E0lNBOC8QckZx8aJEdAQGMaKfIyOdGYpZVzX8jmkkCBHIz5U6aQ9JBgpcNkEcE6u5iplUuiJgnyNa5cnhMD9tLMUiEk/2eoxGJGiVSo25OoaiwU0kIJDfbjTqqLtAQu4HHOlFVc3po0ZmY8cn2GopJDU9KwxAktsH+phqnXiCCieRUw23gMRq6XTqeCeJdkYJXzjXN+o3mnq2lViEfkLqxkkqLkjqqyNpCrxqSPkaVSlC4BUY+Bp5b+mq263Dsw7icZLD++o7naGpGKklj7ZBB1eHDRVwqxcKKFaYy5ByP0jVJu2wMQMcatlzklAaPLYUeNUS4tK7t586uagJNWSBGyp0rNUMnk6Lq4pHbwdL/oZ/tqSmjY8Yz/jRkWdoyPJ0JEBnI5z7aMiyR41FMIpBwOfGiCqsPVyD7agQcc8aLTJ8++mhDxQok4OwAfOdFiQbSp+f7a1KgEZGefbREcKsSwXBOkhTwjf58HUgpYhJuAwTr3bAiO3gjxqBWcYLnyeOdCSc0qBTjAxprBEQ4YaSUj5wc6e0wO0EncPgaCkU2pwrINM4YwG24wNK6U5OTwNNIcM49WBqDkI+FMsBjxo9EzgfOh6cKW8+DjRiFRz99QQp40JOPbR8S4wNCwEEaPiXJB1FSCJjO0ZHnRcWSM6GiTLeOTo+NOBpJqaHOjYxoeMY8aLjU6SsaETCvOilH21FEvjRSDjUVJZRTnOio0OPGtI1OikU6ihbop+NToCdaovHOp0XnQmsovOp0GtVweNUz8ROu6To3pmonp62k/NITG8dPLKuCCc4dc7trKCOORkN4GdQc4NElJXoDW/GNcVvP/iHs1n7KpaXuLzU8E6GGQRhtxPdTBJKsgxjOc4PjI1c+jPxOsfXVxqqWxw1ZWnj7xlcLtCEgLnDHyd2COOPbVTcRSc7K1104V1cL78HULKT4Yay29+c60wQeTrQmsjeMYJOsqS5IJx+41gN8DOtgPXn2PnQgrBQHPP7ajFNkcuP6anK5XGtdm1fOhIIVoSjekDUWxg2fvosgBssR/TWd0ajjGdNC9Gu1QCc6KiQHnYP30IJlHnWTV7f0tjShJGsdg8ajkJxwNDCobGc51MswbAII/bShC1GTw3GtlQBuGzrL7D/ADaj3rnA8aUIUuFHOBqaBV3bm0N5HnXldskZ0ITL0kahlGRxqBZSPvrPe3eeNCEOaVO4Xbk+51G9PDn0xjOiDIQfHGo2ngBw7hT8HQhR9mMKV2jGtChRDtyc/PtqbuQkjD5yONZ9DHCkH9tCiUIqyc7yPsBoCptkciNwDnjDDOnXbB5xrWSEAbhpKKoU/RdMFkdFzKxyBjAx9tKfyi306PFPC4ctjcV9866WxUecE6VXOlhMJmaIuo/UFHtpykqlTwxUNOZKONN7N8Yxqq3SlrBVFmgDluVY8DP210KgqUqMrHTCIA4DSJkkfAHtqM0bSyNT1ijdv3LxxpgwolcOu1gaplMgREJHqIHk6ot56WqKfc2Mj7DOdfQ/U9pFBtaFAUbPtwDqnFI1DGaJWP31oY8qBC4DU2aenQyPG+484K+BpQYG3H+HrtfUFPTTZVVUKfcDVOaxUpYnI5PwdXhyAVzOPHAwc50ZGCWzydLI50Yjaccc5OmMEm7gHQpgo2MHJPjRUf8A20PCcjGMD9tExn1c8AaEFShNwHsRolBtGByD86ijHrzouNQeOPvppKREBGMhgdbCnWTCEAH5xrKRnuKyj+mi4c7wfP8ATQUlHDQtERySo9vfTWBijAg8ffUar/DBxrK5wOcZ0kJlDOMgHTGKfIAz99I4twOiVn2MFz++kQiFZ4KwBByMjxo+OUEDkDVRgqSWAzpxSz5QZ1AiE1Z6eQHGDxpxTLlc+x1XKDczDPsdWaj3GL9OP21AphHQp78aMjTnHxqCJcjRkS6imFNGnOjYl4GoYo840XGmOPbUSrVMg50Qi8jUSLzohB7aUJqeMDRIIHjUCfp4Op4wDxkH7aCEKRGPsNTLvPtg62ihlI4hkP7ITrM2aaIPUEQKTgNMRGCfjLY0FCwcqck6+Sf/ABQ19fb+uoqmC0hJjToElI7yzxknJ7asSwG0ZLKNmD5Da+rfraFzn8woSN20f71H5+P1edUzrO0/g9eqvHW1d0u0xj2MlVcoY2dTgDcu/JIxwfIyedU1mNe2H6Jr4Ha+1ctwpqD8spIa8SKZKaeNNkPpyXQ4BB5XIwR4/c3z8K+v36I6upbzbyktDPJIXyxVXABDB84ycljj2yp9xqzfij+Hf4KU/VHTk9i68tTxTXF6WpgppRVrQU5ppikrvHlyO6IQT/KXJw2q9Tfh7+HdJ1HU05/GikWwxuZ4Fs9lqautjcsGIMzRjIwNpIY5HsPGue+hTYOo4DxU4svu2xVstx6aoLhURSwSVECSMkkLRMCR7o3I0WxVffJOuON/4ifw0oqWOmpTfasQxKoENsMZAAwPSzKQOPYYzocf+IGz10BktnT1ZPkegS1SR5P3AUkf51pfj8PSAzv9z7KMFdqEiDxrJmUeNcJf8cLysrhOkaLb/Jmvkyf3/hj76ib8aerJ/wCHSdOWRGJ4LzzyH+3H399UHbWCH8/Q/hPKV3k1Le2NDy1JIxnjXAZ/xa/EuRmWG0WCBSBg/TTyt++DIB+w0LJ+IX4u1OVimt8II8Q2yJSv9XZjnVLviDAt/kjI7gu/vUjPnUTVYA/WNfO8vV34wPhWu8inPJSgpxjj3OzS2q6q/FRwd3VlxQgbyIKWFT+wKpzqH9SYLifT8o6N3BfSxrQf/qD++s/V5IO7Xy6/Vn4p0+Jp+qr2UBwAQoB4J9k54Go36p/EK4QM0nVN/KrJsJgdo8MPJyAOB8+NI/EWEiRPp+UdG7gvq2OofPhj/TRSVWPn+2vkITdXhGl/2k6iU7iAHrpxkjnj+IPODjyODqSSf8R5Swi6p6mkIJGBc54yfB45GR+xOqv6mwm/3COjdwX193lIyTj99a96PP6x/fXyHBP+KkJZ6D8SL/B3QcI9xkmOBzwG3E/051JFefxeemNQ/wCJl4WJSC0xuIC4x5yE4HnyP30z8TYEakp9E7gvrZqpVON4J+x1ulWPbB++vl2iuX4iCjhmn/Fm9p3PWFeshk3fsxjYEf404pOsuuY6fuf+Y00sZyxeWio5SMHGARCBj4++dVf1ZgBvPl+1LoHr6N+qHuANRmqIJIxjXCIPxG6ooRMlx6qt07ByiGppIgGx5I2BfGV485OpB+Kd0d1794tVKm8kydtGQqf0qOTzgn3/AJTx76gfi3A7muPgPyjoHcQu5iq3HkDA1pN2Z0w20t8nXArl+LVxoKynjl6mhp4HieZ546GPbhWUEck44YffjQD/AI0mGGKdutSY6jO1mji4wDwoXGc+RnS/qzDES2k8+A/9kugOhcF9BgZ9IYYHgHRsBEUQJCg+x18sS/jyI4956oukyEn1RKDkkjbjaORj2x8/Gh//AD1eRXMXUtwqIo1YqymRWk2HnIwMEjkY/bQfihm6g/yH5S+XH9wX1m1UoGWbn4GoZalm/Tux+2vkofjHcKwIIa7qKQvGZBtqZAMAkDDA85wQcA+NQ034s1tW4Vqq7xybAxH5hJKkZ49LnPJxuP8A6dQPxOAJ6B3mE+gH9y+swJd2e25z/wAp1uCWTY0Un77Tr48h/FaasiMoqajDPtEs1dIEU78AMA/v5GBgjHPOg6vruo+pR5aqrWD1GQrLJUGEKceo58EZPGTz/Y/qZ0x0B8x+Evlx/d6L7MFFCkncSnbI98HGgJcTuxjRifGRxgfv7a+Mbl1XPBuiN7hVnVkjmaRpNpz/ADqfC5K8+ccaBn6qmfZFNP3u4QFqRThVyP1EeeCRxweMedSHxG83FH/y/wDyl8uBq70X1Z1JSVLnZJVEooyA7jj/AN9c/r2hhb1VEQz8yAf99fPkfU9E1QPq543inAbtNSKzBsHKlvGfOeBjA1J/tSEaKVZrfEO2u0Gn2lMAkkLjjPHOeedWj4hqjSh/5H/1R8s0/wAvRdRudfSRKSKmF85wFcEf050lM0m4/wAWn/8A9iL/AP61z+Xq1zTvPTfTeBEQsSDcG5LAezAhj7ePfUS9dEoCklOVI4O0DI/b21aPiHEHSiP+79JDDM/uVSp8qwJB408pZVZQAef30r7W7w+NFQRsuM8D7nXsFlT2AjYCceNFo6/GldO5yFJ40fGVJ9JH9NRTR8ci/tqdJAGz4xoFVfOADj51t340IEk8WQfG4aRcG6pJvFMD550THIoOAcHSJLhSCXYauLcD6hu8aIFzoYzlqpBj/SC3/QarOIpN1cPMIhWFJ+PjUquDxkaQRXallOxGYZOAz4Vc/uTr355Aq5Hndt9TcH75APH31Qcfh26v9z7J5CrJGwBJGo5MibeBjPnVWk6rmjbEdHFz4y7Nn+wGon6sujuMpRRLn3Qkgf1OqXbVoDifBPKVdaZjyzZx99PKE7iMcjzjXLD1RdBH6a6nBwD6IwNRHqe7qoV7rWKxHmPKjH9PfWeptqkB1Wn0/KMq+hLfH6RsjZgf9IOrRSAiEGRRGo93wo/zr5ON0uFXEFqbxXPGx8NUP/786EqWpaiF0lBqQx/S+9sf0J41mO2xuZ6/pPKvrsdSdMwytFL1LZUdQSytXwgjHnPq0oqvxc/DS31LwzdXUs8iHBWjhlqOfsUQg/0OvlUpQvGoSjQYPCJCMY9z5J1KsbbiwpIwM+lZB/19v6ffVT9svjqsCYX0lL/4hPw/h4o6a/15Gf8AhUQiH95HHn9tL3/8R9CJSYOh7k0PlXlrERsfJAQgf31wCVZ4YGZApbkMFAGD9gF0MgqmnV2baRj0ocZH7Z1mdtXEO0ICcwvoaX/xFVrw7qHomCMk4H1txYg/P6Ix9vfSqb/xE9YLOI/ynp6lO3PEcsgPwcvIP8a4iGqjGf41Z3Qf0gHx+xPJ861+quyVIwsmQSQG4OPjVDsfijrU+32TDl12v/HP8U6txFT3iz27dzmiooiyj/17z/31Xa/8RvxaqadpB+IF7kj3YLQ1TQgHHv21XjVCM00wAklKkZOGI8+BzrR5K2Bo5FqtjKNoVip8e+PB/fVTsTiHfzPmUZlYB1N1zWKA/U98mG4CXfeKggk+xy4A/wDfQNf+a1TqlyerqCrcd6Xvnj7uTpfNVVM0QSavmZAoVk2bQePgcfHtqAmKOFSKdM5xllYarhzjJKlmKkNLSiSRZKHuBvZ9m8/2/bWqGgRViSmMJbJYAovj9hr0cX8Qq0dPuJySeeT85OoWpnLs7mFfKqFVSy/bgc6sDTEEozOUono87qeIYH6CGB/zjTFLtI2wJUwxkAqPSDtBIJ/+eNJmjMTqYojtAyZGXA/sONayyZG1ELbeCcAYHj2AxxqeRHSOCslFNTSlRNd512DCuyLLn7sGx/j+mmD0FRDCa54UlgY5WrpJDt5/1bVyhPH6iR88aqX00kzKyHBBzuzzn+unVqu1R07WQVS0o2vlZ1AOCp88Kffnz7n48xyA2VrHzZysdJU9SK8poq1Wjh4ENRTF5HORnDqvtg+2D8+NF09+v9LGGmptkRcqtVEpaNvPh8Eex4ODx41NcrGJLGbz0VWyGikQfU0C448MA0ZwBjOcFefnB0gt9XeRdTVQGojmHLxNuWGXauMSI2V4AOQckD9hqupg6bhcK1zcpurpQdV1DSJ3rnURk/6RjI+TkeM/bVjpepaSpiVfzWomYchg55488D/P765bTz2eSY/mdmS0VDFk+sogpQOAM74idh5wCQVPtqx1VunsdMslwioZaQRhRPTbURPSR6lc5VRzgjcD4zriY3ZBjMy6m0uiRorpU9QWmLduqYhKsbSMu71+ncSuPY+kgDHx9tKKrr2zpboaiW7PSFid0Jjy4b4b7HyB76r9ItLJHTRSUMmFxIHVtwljY+rLf9jkefBGmFZabQ9cvdtdNPTMjLJ3MfxQM4OD/MOAB/zD5OuM3C02mHT6KRcSFpP19A8VRm4GCCHBLK38RVVju7oI/wBQ9v5cnxpLJ+I5lqY1rO/PTVMaCGZYDthYksreMFANuT8nHty1s6WnqipFRX2WCnlRkUxynaKhcN3CieSq4OCOPOi6Gu6Xsj1tFbIZmmpZ4YUoTASjRet9qk8OuBITjPCA86vyUWS3ISRzqm2m94LhoLn0HuQq+bp1JNTq8EFctf8ARLPDPLGSsJV32/p8h0zk44wAMZOl0dTdqno9Kyoulxipoantl3kUmYl24RWxsJyPPOGHxq6U15tlnuEttt1snli7Rp6bvOW9ACuwGTnG5s8j5PjOq9LWSTTT9NNTxzVUZhuUVIi8BGl29zPggtn39io1bTeDMMjQ+GnP5UMnAquV9w6khhnq6Z7nNQmmLJUQqV7QCOQwIGWO7YM/c/A02qbZcvyykLCUV8iSCeeUNJHtCHbGPYMwJPOfscnVwrZbzS2W0rUwpCKeFGqIyRsiZ5CoXI/1IcY5AxjzjRMNbTzU9bSxurwwusAo5WIAdTnaGyAOQn9QdRdioALWi3BHRxqqpaLTWPUCnaGkoaMU4maA4Gx1ZS24rkbRwAB55+NAy2ioWsFFJPXLHGqy4p5ColkbblTgePUAP/uJHI09mrqeehjq6CnkjFa0sM7KRjuRM2RgH9IcMpIzk/vqeC5VVf03SXG+RLSVlLLFOWo5PRVPHKzBACN2SFRmzjyMAYOEKj29aOzt51TFJrmZs3hvvN+4RfvCqdP0xSQ3a3VdTWVtcrMsnfmLLFEMAsAmeDiMYJ/mwfbTm49PUN0s1PWRxRUtCWeZkO58oAN3B5PoVv2JH30muMvUXUFV1DaaSpVG+pjFHIigq26SM7s8+nLkY5xu+2pOn+p6a03Q251knENM601O/jaIxlQQMkkoRzyNxyMc60ubVcMzTLhu7OT6FVgt0QHUHTlpiS3wi1w1k11gSo3SzOiqrRqScEkAgcYHvjRtF07ZrXBCKfp2KoRKhKX+DL64VyCZJN5xIdxDenPHxnhy9z/OUFvNHAK9JKffPKNrdpZd5AI9iFxgZ8aSXbqmko2FxENMksMhigRMlYqYjHkeD4yecb8aGVaz2hl+6fLwSDmtdMT2GftB9UHLS2qKhivhsU6p3keAwExLG3A3vHnO4rxz4Oonr7ZS1lTcFoZuZWO4j+CygbQozwACQf2b50wqOqbdPdIrxJRMrywo8kcY4dgB6TyBu2/Hxn3xpDduoLgnUW6kEdG0MkcixL/wqlJQm7GfGVYnHtz8auote85XA+fp+1EiBm3IiWOGr6dlneSSlakjkM7ISGkJ3Dch9iGznxlcn21KtNTCnFDQ2OmqVp96q7ZeR32nIf74Cg48g/c6KmvdZTUz1NfUwU6U5ApoQFImRRtL8eT8g4BBPnnQFJcmko3qI2MskWTVNtKCTc+VxnkZO48exA1MZyJj155KJG5Q3CjM01IrW0UUAaNqhBHuyicKg/5cM2MH+XQ1DVVE1GFhiaGmpxUdx55clwEJBOM4GMD+nHIOoL9WX5L3T1jTpI4RjWJJOqZwS21QW9bE7vSuTgHjAJ0h6gqrjVxJHZZYKZEIADMSskaltuOOOCB8ef3OplMlgzEX7dF1th7Hq7WxYw1IOO8kDMQOMSN8DUap9Jb6V4Gijgp6ulQtBWVoJTayKPQ3jhcnDDghTyc6Eu1OKC6x2yWdRVNDKYpMHsFAvgHOQQecke376V0lxnp7BPDMXp5Xp5AzwyEvC5U8BMEMBuPKkYODgjUn1UNxvqiRvqpKI9rcoBLFgVYYPkkEnj3z86vYx0yTIE88P0obZ2VX2VinYauCN4m0tmxiTExobgyDcLO+nqMTU7N3oIxKu9ML+ggA/fIY/wDqB8aDpuprbJc4olQU8cpEc4KlsqRgHHzkN/cair80e6KWrbvB1RTjG5AueF9zw3P286KoHFVUxNJTUscLwL3sHa3eGSfspxsyM+WxrSGtylxuFgrUKtAgVWlpN7iLcboCSsjhSGesjEsQZBNHu4YnnH+RqNZbjsH+52rx/oGoKylknr1jt8jyQ9rZKSiMpYN+sBgRkBTjPHH30dH1OqwopskTEKASUTn/APEAf2AH21pDbdUAn2TfQqMY2o9pDXTBIMGNYO+N8K8J0ld1R99JOCv8pADH7AE5zr35NLAxErggNhgnqPjxkcZ1eGiucJLy1dRTwk7zukVefZhuIyMHHnRC2mpkkLLfZolZRtynpCDGF9Lbdv7Z86xj4krn6n+yy9DOgVEW1VTkCJCgYZUu2wjHnzrNLRVTtIxabevojpwncMp48KMnGCxJ+w1cpLcRuM1ZVhuZIvqMKpyRySxyuOP5T4zj20emJ6RYJJYY9ilFlpzHuJ/UcDIzwoGcA/8ATVbtrVKgkuJ8UCmJhcwWoR5zG1PEdpw0bhlOc5x/8/66mRIMIvY4JyUU5I5x7nPtrpJeknpliko4pWZTtVqNS7ekEgOsgzk585/roCroqdK8Cho6UkggFKdXPjAz6yPOec+2spxrTaPVBpqlrSI0feQTjGcCTABHyDnnXkjaXuccLjIAPOT7fP31daajMVZ/CaIAgEgQdv29scA+fH76LBWSPY9ttcQdlKEUoGDjJyS2fbz7++NBx+TS6G0p1XPpIkVC5eNSRkhWI/wOAdQgQCJiuZJdwXG7BwQSWOcYxx/fXSaOeKOcqwts5aPLf7tEWXzzh2IORg4H/bU9MVnXfFS0m8NgEW9AhPlclDjgZJGPGg7SM3afNS6IHeuXlokbyufdVOcf15xqQSRNGssYhclcEK2Svxkffg6vgrKgSlKijtLbiQqJEI9xHkeltpHPvjA+dEyT3V7fHKbRQKjuQhikQBjxyxP99N2Md/b6qIpjiudRwI0waoUqpYerORknH317b2/+HuTnGCp/fz766G9pvRnM1RaqeQBRGFUhNpHIIOWJ98Z+POhKmlu8khjjsEwqA3pYTZ2DO7nBxj9vGgYxpMWPiEGkeCpDy1sUp7ksn6RwIzyP3+NYEwmZQ89QQTswqMCP8j/5nV7jpLnTM5NPJBNGSqR/UGM5A/QQ3Gc+40GtNVVNNumolcrlWlD8IS3q3FWBOMeSP66GYxriUGmQq9G9PGypFJcZSULZY7QmSR4zx4Hz5GpGqCV2rPIRxuPdDoP5fHsR/wBtWARUNLkpaqSWTByTUSKvOfABznxj9tYjttQKiNktwV9rExSVPcP/AN7EnOAD8A5xpDFtv1U8nBVxHcTygoCiMRv5Un1YyAD7/fXo6mVHZVkhMQAyJWJUn454H7/bVoNLElOIpqGClLAlpJS32PPqOef+vjW0Vysq03bipKRpPJbeyqx8ggDdnP34A4++mMWCJa2UZINyq0xE0UpaWk9LHeIJ/UWxwADwf6Z0DLskG6nYr89zcTk88HH76tby3KriWSG2U4VMKuWDZ9zjBA/x/nUsK1SnYxtqgDEpFIJDGT+5BJ9sD50fNiYEeaMqo00NQpZiu8IM5cEjHsD99ZpKaWoCSJtZTxhYgSTzxgZyPGrpUx1MRBDU86OvrH03bY48beTz85I++h4InrJVWmtD7sEFjsj3YPBxv4xn286sGKEEugKGW8BV1aG8u6MLeRJjbgUwY8nAOCv76n/KL21OJJaaPa5yFaliz4H2yPPnVm/KpzCj18lRGzEHtNOqgew5BJAI9h502p4bn2BDBcKBFiIQpJWyKFwPOcYb9jxjWd+NaBMt8wrWsJtBVAHT9wqQwhWMH2XCsQTz6gDweDrKdMXA4K0yZKnAcYBHv5/vq5fT3L6qRpbxSbWQ8wbYw488bQfPI9XOdQyJcRbS0ktUQCQ6euTanu2WwPH2zqBx7zo5vqgU+IKqx6TrUgZkipcIANrOF5P7nn+mhJbUlIdwkgQq4J7bLxx7gHHt5++rHJDJLIoSaFmlDNvyCPsD4xx9tQfkZWVaiV4VV/5IZImIOD7k/wCCfGp0sTUP/EcBz3qDgP4hKWpPqWBWpRhgbtkZIHHnOda1SzU1IVkqAON3swYjxuGeR+/99WSK1LFF3xBZZR6jGXKnjA4yHGPbPHGeNV65PUVU0NDClHApl2rHC3lvBCePnx7/ANNaKFU1Hw0ymARcq/fhclSKOqp5LOlbSS+t6ii2KIXH6iyjLKSMZycH2zqr9aWS0Wq+tcKOqq4t8w/3eadqZlJOCBvjwRyBwMfJI510HoSs6ttNNDT1kcl0oQxiYxlMU4Ayu1XxIRxjAY48+Nb/AInQUFwtZrWlUSU7DBCryoJ4LN4wMkjnz7YzrstMareWTTjguX093oJCY5LYZB28tO4imBbg8mMkpzkc41Z+leth08tNR1dQtXaN7GKeSESvCpBJK8Yb9LZTHs2PYa59RpHTVNRMEnWRUMmY8suSACcj5Pggnzx7aJpa6OS5iPbAsoXKAFcyIORuBPg7uQccg5zg5qILSS1Y2vc0yF1ur6Moajbfulbs8MlTGZUpfqGkpan5ILD+ET8eAcjjxrm9X1BfbLWz01XJIgR2inimkHciB9RGcfvyPn9tPOk+pD07WSUN0t9RBQVGCGhlAlgYYGcAjg49WPOcgc6snVHTll6nsyXapmSZZAIo7h2x3qcgghc4BZeeVbwDxjyan4WliLuC0ZRUGZmqqFF1dE1ss0FbWS9paVlyxAZ1G5VDMcnltrefg6YWbqNUudfR3GKmjm2d6Bo0yU4G0nOcKQW8cefk6plz6YjoK5WqalJqGUGNZqeXbCw/5VwGXBHIwM4OCdMaejprRa47tJNHPcK+qAIjI2RRBQuMf6QQ5/8AUB7c8XF4CmyRx085/wAqrMZujam6/m/WT09VIsjduGdQBsdHaWX9OCCF2o4zxwDzzoWzdSSJUTjvvNUUlPLDTSuI0d9srrGu5VAAAAce25iffSuGsK0j3aQVAqXdKXeZUWISGmysbBlyO45kG7cAAcYOdKqeG20PR9poYKs24VEKSRsziWRSZwgR0UllO0Ou5hkFwRxg6k3CtyZSLGP2oh+5dEpepK5um6mtrp99NRSpLGEVVWWT0sqjPkZD/wCffGq2/UFLHdY66pqhDBUzdpSGPrcBiowDg8b2P2IwQMaHmvD1NtaGmFIv0E0TTxVkXZVHFQI9uxRjJjVgM5zgE5zpbH03GOpbhbqyrqGoaSjSaAmMEwt2wqtGQP8AQhzg+HxxxqFHCMaXF9uQPuCpPc0tEEzeftCtkkaVd8pbXK2KtosxtDNhdsxBdyMYz6Vc8fzH3Ol9Gz2qd4ZHFTSTTsVkJwiFHYJtX4KOSBzjHH2RUtjNV0/NbZ67tXVre8cskbyExZznaQMYXAX9W5yA2NvOsdUGWps1fbra7STJIXEwIA7hLbEz/q5IHtydSbQEimHc8e66qkhWOouFVTPX01tgWnikrDMszLkb9+3aGzwMYz84B0nustulqqHs1YlqZoViqHHpJdC4zknkkBsk+xA5GNUqXqitu1UlJsfshYBJyeGZipGfnGDj7fbTijtrwdZG4VFUiUsSySJERuGWbIXnnaAV9WtIwnQiXmDHmkOJTyy19ND1O01bXyQ1DOBTsowO0qHd5B8c4xyPbVhjt9oe0ULyRbqSul+maCcqZI0LKwcH2A7jcZ9gMHOuTUf1jVoE9R2lqZRFAkqMGmBVvSAAfThW54AwPtpxa7xcJupltFNbqiGOKbeJGjMcRkDB88j5w2fPAzjGo4rCEEOadBfwXf2JsP8A1XpGis1jmxlDrZjBMA6DS5NhvIT2426ShFTaaSvzSxGWSlkfd6syeCQD6doPIBxt8YOkxuME1PNQVLwVSOhjScoBIgfBypySp9K4/wAAZ1LLfYpbfLbJZ+7UhSqycRyqVGH9iMk/9NJnt9TbaSBa+lkEsUC/w4l9UgjD8f8AMQGXI4/UCDoZRzAlx63qe1fQvhutiNnMo7G2zhg+jVJLcxY5rREkw0EgiZJzggOsBvsc1EDVRUd1rDUW6KkDvIybmbjaykf6sjz8nOhairj+uEEJVooSqosn6tqtmP1jzxjnRdvo1eiplq0p4onkIinnZleJmwyxnHPl/T7ZI8nOqlco5m64qIo65VnjjSP6eVAu8hcZXGD4XwR5z+2mGdIIzaDnT1XJ+DNnMw23a1PF0WvYzM0gxAk6gPuRAMG5iJ1VipPprn1I9XXwSSRxQ91llJ3g7CPbnJOcjGeM41VrqlzpqqGntUsSiLCmBsgpyfcgZBwcfsdWSgWep6aWNqgL3JJYauXtgrtCMMYHORhj9yPOFxpPb7nVVi1kFNDLv2E1M/aEalzzvYnAOSSQAT5+NaWg6gTG7cn8MV6Gz9oYym2q2m0GMznFrsocbNDZE2EgyNI4qFBHJFVVFXRyfUSNNTVMUef4yrGGYKw4GV3HjjjIwdEySUn0rSUVGIjBUETQzAqS21SgLKCM4LjgHHHvoWOWn7BepqGraNpJFAYvgqQVX0E4JIUnAOPHnUFLUQ09p+qMgqaWSF6hXjnbfJKV3fxEP/3KeP8AQPfnWsN6vavKYzE0a+0nPJNWkXExJEgmTrofuiYJbGOoaeF6QzSUyk905Lxx7sH1nHGTjjPjUd/utNGiS7mmRZXlLYILlsk5YHG89tM8c4x76ilikWOSc1m6CVjItPJLl4Q20YUngIxZ9/tlhx6c6XVlPtRaCUoz0soLpwvcZuCXAIzhiDn3586dCi0Okknm/uur8U7ddja9BzqAYGXDYGUttlP/ADS0AOmdPACG5TtVirs1TLRdpA7LIu9hlhjt45GOeD7g+2iZ77RmqkM8k3dLHfvphnOec/fUlPSQz0atDJSUCSOsbGTITZkhU9Kk+okDIHHnxnSOSejSZ0ezVMjBiC4UgMfnzra2nTedDbzXLb8QV2yxjW5JkNIkN3kNGgEk6L7Rex1U8u2rsTSwgnGYYkzn+ufbz5+NQmyXCN91LZa9RGdwkWABSec7lL4OAR++PY6tsdBy5RqiRgu4yQlCEbxhQ8uGJ/sMefiCOw3CcAyNNFPlpmLTxoYvYMPK+44z/XyNfG2bXc0HrD19pWY4IcPb8Krt05Ko7sloqJjgDdFQpHsHyzFzx/fHOtT0yViYLRPvC7y+VIVcbcDGOPt851ZqmwsJJJPzXsBgBI0Vex2+CvA8++Tj41BN09cVtavHdqmkdlGe9XqMDGOSCARwPYEZ4znVrNrvgAVAPP8AKgcHf6VXT0tJHC6JQ1YqHHJQriPjjIJ48k4+2pKbpq4rMO3TCoGMhiI92cnyeSBwPHBzxp2/T11ecxSdYKqxuFCLVIGzg/qyxOcA4xj+mtxYrk0csrXqmq+2B60uB9IPAbOSoyTwCSP7amdr1YgVR5H9JfKAn6T6JSvS10ELwmOoKTE71JwrDdn9JHAPHHn21vF0tWUpVobZDsyQQvqz5yMZXHjO7TePpuWOUtWdRqXQEeiePAGBkvuKjH7AEfJ1KOmGMqxQ3dJHAJc9tS+CPG8SHHt++dUu2tU06YeTlMYQG+T1Cqk3TV6acSCGmgXPp3yiQYxyccgcnzrabpa8M/08tJCrBl7gJzhSOBk//wB1axSXmFFkguUsqYzuarjQIg9uPn4xgY8jUEkN+iiZGWdQU4WW6M21eSRhRwcEcnjxn20Datfc9vPeZSODZwKqy9HVgmWL8tod2xiVZywHI5KAck/3xrVOjbijCq22kVCkFxA5O0n9OQRg454+x1bJrZWCkYvdD3XdggStLrkjAzu49iecefuNZFI0Uy088lEkkcvb+pknU7lxnJUqdo5B8nGpHa1ciQ8eSBg2DUJLTdMXcLGEqqaMttVCFDH3J9W3nILcDjWZOmb/ABzBpZ13wsQsixyFVz7cL6vIz4GcasiSGQMRepJCFx/D2wnwM7SVBx/Q61kNKtOJpOooYwEz6qvYOCfIPO7nk5HtnGsg2jigYnXsP4Vxw1KP2qvV9M3Kpl2GScJvKsUhqABzgE7m8/458aHq7LMzy08kUwaNc4WNyXx+rhx9vfjVkeuhdAIrjDnY20Ct7nJI4z52nz4xraOs/iNBBeYxG5O5IOQSDg5Owk5GMkYx8edaGY3FAXOnf9gVW7D0ibfZVU9Pbm7jXKan3D0kU8jEnwTwB7Y/fzrebomCQdhq6qMhA4NIX59yc8t/XjVqlguVTVJPBdC8ZycRbZRzj1A7MjHByR41NFYK5IXEs9S4ZdgIiH6ieT/w+OMgEfAxqLtp1mweljn/AKUDCM0y8+aqEHSqRM9OJrtlmJMptpwTx5Ytx4+M/wDYiHp+aSpemWqqZf8AXFLEnHnk85wQMfHOrJNaK0OuySaNnAwgZgeAAW4Q+Mkk+ManNlqYVLyTVixLlnOXKgg5GSF9IwcYA44J1W7aTyJNS57P0pDCCbNVYl6OWnoJHmFPGoA3yIsahV5yQSv6v/1oYWSnR81lfFBvOR9OyuoGRjJA8E+/7j76uIsJy5E8kzHLCKOXLnP+kbce2cg/I1GbM8U3cN3SNXYKMTklWx44GOefOPP7ajT2kbh1T0P7TdheDVVRb44vTTV1XFGybu08DMgI58gEH4z/APzQctnmqKiPEVWxBI7ohWP5AwccDnzq5ydOsszNJdqV8McRHfvCZHgoPUPIPHv9jqeo6XnmiP00cJByyN2ZZgwJzwQ2eckYPvqxm0qYILn+JH6lRdhHGwaqNJ0kf5vIk5UyZDY4z+xHt/7alj6akkbuLN3EjJCBYl4UjA5Px8e2rS/TKl4h9aYSmDI0UMisQD5yw8AYzjnkY99Ef7LURaOSCZZHUlQ8wkcyc8qct6RjIz58c51Y/abdOl9D91FuEP8Ab6qlr05cPrWkgtsLEcgnbHvPjlhjOPjxopenrgzPJM3/ABCFIMm9SQM+AcZ/9v66shskKxPUTT2p41fDOI2fYNwBGQ/pOR7+w9ydSzWuokANvMawg4BjoDyRjPplIx58kHnAyc6qftCTAcO+Cptw0blUnsUU8Y9FNuDH0rtG/DYBIzyM/H3840bF09bJI5cxQ7QmWLFC2M+x3BvvnP8ATTp6OpikphPc6iATv294pIIlyc+27Ixg8+2cfbQdZTUhoZ3W6ywngqrCIlkPA5Y7fcn7gcZ8FfMvdDQ/yn8I6INuW+yQ11uobZQPUrVU8OSVSSNkDY8nAAP2HPgH31zSQ1EvUTJPXt9KEKgrSLNJu9LKy8rjJCjPH7++rl1LXqI5DT1c86AD9LptU4zwqDJ5+2q90fa46nqWH6eaohQP6JkgkkhyCHAcAEDBy3hsck4OvefDuFc1hqPMkrn1TmcGgLtPSt5prh03HT012ZpIv4btNTywyIc45ViwBBI9z8EarnV0s89DUSSygEojIK1ApYruAPOFXJJOAMYxwedXWzC5ilM89fPcdzbu7TbXCqc+nYuDwSMnAJ4GONUrre5VtTWiGcz05kjKbpIljZFBHowx3IGy384GPGTr05stLyQ265PCZ0fuy2XckgLyncY0JIJ3KQNx5UY48YxkkaGrKYVTxtNaRMrsEXnkSMSBsfbkeQfVx7c5zpzCqwz1EUllqqVW5/jDvMm0HGfjPGfUf1E4HnUpqbaYaqaGoqIikRjcTh4FjdjgK212VsksAD78geNQaetIXOhVynpRTU+yolFNtBZPqWDFcOoIVgf085wefGMZ4t34e1F4t1waWxVMT0zACaGJy/1CnklIw4G4Z/WA2AMY55rdZZKSnqai4wVW+ngQujrSh1KgYztVifKjAP78caFoKmdHkqaWoZWUEx1cX8E+DkMCx85yDgDjHnVh4i6TTkdK7PdDYbutQlLeEMTKTVpHMs4i/lYkDLJyFzwMEa5p1VZ6m0srJNX1dqfj6jYqBfJwCDgjgYIAJ58HjRdEk1/MdOlnnqLtAVlSugt8b9o5O0NJFiVf1Hbk4AyMEDIt1opaW6WT8pv0KVNRAmXhq6Ml95UHuqEOD7DKkjABLZ40OptcOsJWsgVbwuWNRiipJJDcIKy1995lgaAhp4maF0YsfSWDKUCDGd6++RpFVS1cHWVXXyUFFbohGY4zHGvIcu/IJJLAsgz/AMnnnVr666QuFsrfqo6tmhqSSAYu3CDj0n1ZOQdpHyWHOq9aaOlks9ZUXvMIhqPpokxsmypJJbkjB3Kvj08+fI5lem6iwmZm3n910dgP2Zh8a2ptZrnMbcBsXIIgOmJad8EFT01uml6bS2pG87U1GlWZ6htrue/IHZsKT4IH22oPHOprLFX3Xq+5Uj09QJ40LT1kkhJAVEZeB6PV/BwvJ5HPGoIrw8nTVzp6KMiPHcZWkJMQjDttQngjkE55zg+NI+ib/XUF1oLPTRj6SWb1VUUZVJGVkCHcByAzA+/IX4GqWsqPp1CYnk/bRc3aTqD8VUdhvoJJbaLE2ESYjTU6b1cLbYrxS9ZQ1K+pJkhjFMshX9aiZiwI4ZSV8jx9joduhL41XG9HJsEdTFV1M/627MrMuVIPI/hliPcbfbz0DpesooepYaCeV6laMS1onlwwZZpCywoTglYwpGf+YAaH6Xjt9q6uaOilqkoqGlqLVSRyHMbwbU7bEjAd0aJkDN4Uj4GuY/H1GudAuAN2ov7/AH7FmAG9VuD8OI6lWoqRKqGo/NJ1QzBVYiOJsL6WKn9ROQfP3zjebpuO226/V1aytIO5BEsYLZjLSDaq84w3OPPj50+qusnts1jr6M0kdFTpUKRLEsjPUsgSF0/5FPc3E4BCgc5GkU14rK6yWmnmCtLWVWTUugUyqHXuSKudqjcpHGQucaj0mKfBebHz1M+gQY3JxQWSiSaX6pIllpax5oRsOWiG5QmPnKoMfO4+41WfpKNrjXLVUk69yWWOCujOFNPJR/xWV/CZMgXjyUOmFX1EsILoZmqopzLJLvZlzJ6gvvkbW9gB6D99VS5Xh6VamniZW7sE1UsEzmN4k7KEFuOAMgf2/fVuGpVnPN9Rzz2pXuE5g6Ro6u4Ul7vVFbIq5ZKiKrjoDugmlYqYpdzercQWUA5wX4IGBou/XW1wJKkqPV1VTSoEilUmJWw3B5BbYGT0jgkcn21V5LnJLS0dDVtJI31EkcqwEHtxCYbSM+AqPkseBtPxpbNDZLzPSx1dTU1MFDG0AiRsLtK7d7bfUHUIhyD5B85IOl2He5wdVcYE6c8fRei+HqBqV+nqYc1qdO5aHZTA3gi5iNBdNrl1LNW3MyG1wCmoqGCdht/mjmwxROBwrF8DwAzc4GkNVW0lZfDeKY4f6grFUwKyuVkkZhsYYPC++fJOfI0op5KunuHeJZaJIwNyOzs6suB4PBJyMnzu1vHTVEVqpRJUQJSxSmJaspu+mIByVUHBIIQbiMYzjXTpYdtIATz+Vl2q7BYjHl2AllNxFnfxJ1EyZA4k/lOa6VIqWttVEUjaeNJpNsauE3CXYcnBZsqgH2ZueNCXa9in6Xkhip46cVURqJYgeIlaLbj/ANLggffOglt80SKz1VMYqaB0NTT4KTYjxFvXJwEJYYHu2gwaK6iouNGqNTxJ2exggSFeAvH8vy2M44++rabGEg6gc/a3BZsdsythHOaRIaYkXEiJv2SBwkxKJp98NwEJHaloFhTspKzKXbG5SCfUAc4+320rpIpbjW1NxqbitKI5VUJMSPIZgECg5JVTgcAjjOcZzVd0zUsrSqY52aocbdpHpJCgD440X02OzLcaaBEgqmKtTxs25yqoON/83n2++r3u6Om54ube8H8rX8O7LG1No0sGamTMTeJuASABIkmIF9SgClZDTUlJXsHmmCiRXUg7V2rsAIwFLMCRj2HjJyXfhDUx00WZYySonaMZZ/A5PkcEH++j6K9Pcre31C/SVgUiMyevYc5/UAcKcAE/9xpP9RNLVSRVLB98pqIiMjI24KFfBBHOfsuilUc90ubBat/xRsduzqlPJXFVjmy20OA4ObJLb+c8ZA2krBVUNLKAWBqZCpJydgXBH98/sfGhS0hOTTTufdt3n763FE9I70lMJI07TRhiuQFDZxj5I5P3/bWHr5mkYmhRyTncZBk/fWlo/tXlRK+7qySdK6ob81tzimRMwSdlAEcgjDZLDgcMSOTznU0E8TTLGlXRLK8ZbtdyMZ5Pk7DlSFyT4B5BJ0LTWe8UVmp4lrokjB7hq/z1qZ41yT68pwgyDkef7ZEa1WiHNSnVVMkEUjqdl2kfdG6lUzj+IZGIU7QPJzj5+EBlJwyzpvAHqBxPivRZnC8IoUSVFLG8VHbHMcThQksZQLkZKkRHJyQOMHjnAzr1QGoRFVVNJDSmTYqwTIC6MCR6uCMAqGxypwfgnVUSGwxAVVwqqFrhGfpKRXnYLK2w9zJlyAUzjcTjKnBYAgEQ0fS8sdTBe7pSU8YzLHJFVPD9ZGyt6lePgkFSAoUgbhwc89A4QNuSY7GmT3X9fwVT0pPCe/8ASIu3UVDSCGCaxUE2Y1SON7HUKyybvUrbhgEjLKQQDkZwNG2+viq++JehN6KJVCx21UPb5yGBPjgcZ5PC6UUK9AVFS8Ul5oqslB246241bqQBl5pF3qgGBjuKScAjYcaMm6bt8E9FJYrJBX26aAdiSmScpuBYAhm4kUnOA3GVBx6hmbqeHaOiLXB3EiB7jmVFrqhOaQR2f4R8s8E1ZLBQ9I76iMjMr08ESzA7eMh8r55GONo8Y0ZFW0yGPPTiKZFdo6WrihDqFA9YC5AHpHIPB+dVb8z6Rnu9R+Y9P09MGhCO8UaRxx7huRuZSucbmJRWIXOTj1aInvfS1I4rqSjorbV7nWCZQohkVnHEnbOSNqAhW2khWxjIzB+DLgGhjj5/+2ncLBSbVAk5hz4KxQ3REt8sknQ0VKUSTuNMsAjhZRwjYx6iMcA+xBxqCC5yKIqo262xU3ajfegjp5ETIAAJZsKcHjjgDSgfiNbK+kpnWqtlNjtTutSpCyDfy/uQRtU7TtbBbnjJOg6ytcEqxVdRVKsjTPJKaVu08bel0eZH2OdwBUjIIKjknIp+QrNBmgZ4dY/lWdMx1w/2UqxzSTNLVvSR0byPEZZaaEhDksAWYZyAOcDGfPB0W1ElXItNmikndgpeGjhQFPAUnY27cdrY+B5A4KK7finYrPU1lDMkTQSpvp2g7jrGzD/hugJIGT4yVOfIzt1BF13VPZ0nkpq0UlbGgoZN8cUMrrKqMjhPUMEOuHYc7V5yNTOBxjgHdFlBiJgTP3G8TuUBWoiRmlWWemlpNssVKlwfEbmCnQHChcYCLGdv6nZjzn9hjQ0kc9ZVRGoslfRpuZzM0OyMRkgZEYU7sngAkHGf1aRWjrF7nd66yLJW1lalF3KaaDvPFVOMu6oBlioXb5wPIwc8xjqx6+lmtMtppaysED16QTTlFp2QKSu8KMlV4ZFXJPngHLbgcQww5txF53HfqBH+Ck6tTOhVnilutJFBHJSVUuY3+oZqtIOztcHOEGVOArADAHI4xjW8MtTXUby0NyuXYOCkKVIY79pyA+8sCSMEjwR55B1X6mW4ym13c3Z6xq5B20p6CeaCTYu3EcYIGd5RgMbiOcbuAorq28U8kCTVlqrKOqgnQV0UMkMk42gkQjcP4qbChUEFAxLZ40MwRqaEA9x3TIvbdug9mqDVjcfRWtq/qiSmSSKereQwE4krFc7jggsHYFtuWPsfABI4OlLNdDWtSXCtWbfJIoaOqhR4VJB3GMbl5zk8EBQf31QbjcLLXVlTUdQVVewpJYY6orXwrAVEa+5Zu8+7OQEPJYnBGNMmpppaWhooLPNLucstZHXslFDBKgy0ikAI5jKZ5IyoG31DWt2Aa1uUgCezS06lw5O9UisSbT5/aFa6eOpgqXaSvqpJVTZH35o5FX0jZINoAz5A49QfAxgZnFtvtzlanpr5SQwiRMyULhZIo2cvlkI8nJbnGOc8Aa5le7PebV1o9HFY6+VyqGMliveK7QQvrLOPWgHqZsowxxw/Tp+73ipoGuNsr6aYIxQgxyCrjVHj7UfZkCySAdwjcBuLbWbBA06uCY1rawqtgidAfSe/7psquMsym3afdWVrdc2Q0kt/kqoGJiknE+/JCAlWZSNh8DjJGD50H+WVzVjw1t3p4ZlxlJJp0lY4/VtwASVbPODwCMeyOC+xzXof7MTAy09MJKk1oeSYdtVZpI4guWwG5VMFsMW9IOB57j1RbrpPTGkt5+piWnWYIzI0MmSo7oIEajZvIyowd2D7Sp4SvMZgDE6AHn9aJOqs1g+6tCUlPTQvBSXh44gokZI5djJjILA5LAfb25B9zoZZ6fuYWaWpplH1EzConTt7hnAVSf8ASM+w3L851D+dVtdbqKtmpLXa5ImVZaibf2qbLomIypbDMi4KNgkqzJn2gqq0Jfb7VQSS1dsWVo7Y8FOJDJKrKxjjk3Fy3qDZXO8ZyuVxqptB0kVNfvMaga7xfvspF4gFunPFE9qxWyCevo6v6WYbQ0cgk7owzepVL4IyvIHkKPBB1i5XLp65UtLSha6dnzKJJKV1lGfCkhvUpIXn7AAaAovym3MtXR21JqyqZ6mFJYZKh6Ha4ZwyiJXbBKrlWOGAxgnAcHqK1/k6tcOn61XhCxJBLbzNFCzAPJIhYqSAWjYr6CBxuwBqT2ZHhxa5xnWQDw4Tz3SgSWkSB4IKS5WZxHUU9HVVkaDMKdlo+2ufPD8cZ8+3PB1hrrBb7S89LRzyCOSSnFPIlRjtjCsmGOVOTgMQR6cedLoVraqpel6dr1mamWqMlvl2JKiJllfYxKOhBG059P8Azbcl5PPb6eaJ6amnl+vnERjWKVGBLF1Zw7YkQFXBxxkZIBK7Z1GUWENIJ7J97CJ3HfdRaajryOeCikrLJHURVMdkipa4RrLL2ld/fyzBsp6lHnGSRk48j1s1FHDn8kU7dyokkTyHDY4ctlQchSGGVPIGca1pYL9JcKvqCehltb09G+LhCoX6mISkRRrE0j7SVJLDkgKpPg5R36vSpmpqKZqSGdIhKaqjkeenkjY7n2bBx9yAjLjaR41PDUG1KoY2/G5MfkeZvoEPnKSfaOfZV2+TXJqWOogttFTLIe6rxxugAzjbnnOOQM+ftrpf4RVExtVUspIdHysivJExG4ekoS4baf5zjAcADg65N3ZaOQSyPVs9QrLLJTVbt6T+lsnBCkE8gEnge2Ndf6Vt1vajp599VQXAZ2md3mDccbRJkLkNnhR5P319DwlIUqYaFloSXyunJ2nEglliebb/AMQMFBYgD3U/vk641+IlVKLu0T3YSCJWMfdiAC552kugQYALYzx4PA46pcrpFR24yMRUbIzu2sWYkADx5Yfc64J1feVSOMW01lLA1Q/bpUjFO0qZJEfoUDyMnGc7VGDnJ1i6vrGGqr0FdSU6S1tGZZ98m0SrUsiKfUMAggMFGcYJ5/cZtEMdwu0Zl7E271xkVFIky4wGDCQNk/qOAoOCT4wAUFquzpFU26rpGg2oyiolbw6gneG28kkBcDGAy+eNXCgvdTRxTqLhSx128xmDaA6Rk/yn5bbnAAyF4YsQNVus+SFzxqqVdEudupB+Zw1NOqZD1VOXVGyFBUMeeCOSPc+w40giuTUlQ38SpqACIncRhtx3D3Ygke5+ceeNdTfqFaqJIrgxqZhsKRRgbmkGSXVCCjMC4wM8fuMmpXWz0cayVlslaIdlXWSBgVUBju9G0iQZRWJAJJyfGptqM0IScFaPw6okv9wqo6+hhmgiiV0WWnD8uSQVYAMu0Z8HBz++uh1dLAJZYpGjhr4AQVeV5lKg5yWKsxHyrDzuHxrgNHUClVkMXbkRAkVPSydvtuMjcg/l4OMcZyR483npbriaOsK111p2ol9QqGheUFyR6WcElVxkc/KngDBk0nQrTQqgdUqyXG3dOVaw090obZJLIoAqJKQS5fyrbV9QXHPBByM+2Ncc646Wfpa1VdNHLTyx1cMhhqKYsjbxllRldi2cgc8+Pfk6+qZfXURTRwDJ5XB2sFIBBxwff2/f41T+qaJbnFNA9nYwsmO5VU5bsuD+qOQ5Axx+oDPHPuEHg9V2i0VaQcF8x2l4aQy1UFzoJFUCSWCCqWSSNlwGLoATlhgEjIyOSCdCdPSpNWQvDQIxp0XCKO2ycGSMI3GDkqADxkkew1cJ7fX0NXNYq6lkhiPdV6lRmEBmUsFxhQMD2AOdVIy1FRWpJHbe5OGilWMKcIY3/h4PPgDPI/m8ayOYczhGu/nxXPcIMQrbRX+ETwX+pch0p3pGMUuedwZACeAPGeeMDxxoa13mkj6lSKePuPNGd8iytiEEx8fse4xz9vfVbnoLj/s/TUwjFPGrlzH2wvqOBnJ4LHPJ/wCmmzSNHeqlqtZD3v0pGFQCTALnIwF/QAMfI541kOHYJPGefVDTBCjr7l+eW24mWkllgDMFWItKY5A4kcMeM+oOuMEnaMjjgfpa5001qn3zPWdvvs0roWdY5hJx6c45CFRxyV8eRv0/T0NVS22J1rUpnjklmaEhSzsN4JOch03yc5yTjnOdRUv1lNQTRrXViwUpZSgqZIY3keYKN6A7XHIIOBtJwDwMaCGQ6kOP6TI3JjeQbRaILbKhp3DLb0SRyMxxrtCls/cnPP8APqrVtVV/W11cZpJYXpdh+oGO65kWnZTn/SEfHtgrqzXGie70NPJLE57ZaM9xtjHI2kDP6WALDJBOQNKTYKmOgWOdkYTtEj1L4btKN7EEe5yFyR7tkHUcNVpsEPPW388+a6Z2Jjzhhjm0XGkQTmAkQCQZ4XB1/CDp5YbdTTO0nbWqgNMpD4JMpy2M+5AbBGcBl50poIVoEaSHvtCJe1GgZiVDFznxg5L++cYzpzBQGshaNoUVqamjkUL5kchQx5H8pdOMaX19f9FVzwRrG8vdDhFbb3G7SkZ4+2D/AE++trDmJYN+q5tKo+k7NTMHiLKE1U6216RQFmptiSQw+pCO6qKBjxgEY9z599NZ6aFqA2h3RyA5ZXJABYodoOeQoIyf86Bs0++pSeUKqbuQFDAMpBRf34zn7DWTXBPrKqaMssdYIospu3ptwS32LA/HAH76Hgl0Dd7qCCmkSntVZSSGM0wnmCoj7iduAoz8Zx855+NbWiKCipJ5KeolEKyxScuS7bpAFbA/l3EA/wCdC3apqVqpAiwle8sxlYAF8EjH345Pzg6Mt8MFDTzyRBlZIgys3B2qe3tPxnbjH9dXEQyeK0jF1jTFEuOUaDhJnym8aTfVE3CmBjWISSA0qy8HLnaPUFHwSpI/cjSHqWVnvdTI/bMLRhYmjRdincQFGAADgAcfc++mTzupnhwd7q2zMgG5hGeMk8Et/wDOdDdQpbnuB/JqyS4xwhJWZ4+2I3CgOmASNoIIB9xyQDnDw/VcAVmIkL0VVKvdt8FYC4UMsxGfSjZfPHPAK858f11tTCB7skzK+WjCRKUwVAIzwM7jx/nQdxhq6ImX8orIpGhVohUQGN3VyXBwRyGKnBAwca3sdZLR2uaWV5FaOniaaA43svqxnjJOfuP64GrTT6hLFc+tUrHPVcXHiTPunckStSSS7HaREkRWU8ksygL9m4bn7nQ5ttLn1TmM+6KvC/YaBjn71zovpXqB2kkpiWIKGUBX3BR7LkjPyB4zohLipjU/V3GLI/RHCdq/YfbVQpvGhVbgQvoel/D2+09kqpJa6gF4q5exb7bT1kUj1LBiShK53ZRshQRkZzjA1ip6P6knaOoihpq95kSleWOrkjkkKRkqPAcDG+PBGG2EkkDIfX2o6ia0RfmdttP5OJ4qZoojAYmVV3udgkZnkxsYHK7WGNpcg6rnUVkg6nusvVtvpK6ayvULDU1F+l+nSUhAiRyNHAgjmIWMbeTyozzu14fDYrE1HZ3ubF7gSBoANRrwnXjNrX06bRABn171DJ0XMlhXqDsWJ6FXkp5awVUUSsyx4LOX2lzyfSpxlkzjPKanslFUMbnR1tDcKKmqERpPqBEVG4hRsyrLu2nCBgRz8A6PpL1ZKAUNVY7PAJolWran+nlqqeKoSRMcM/cVCiFmKtk5xgjOnl6udrpOq6LqO/3KivlpuaNLTCko42rTCrSBVlilJlC7yGUsfWibWOda24zEUnw8TMwIiY3RcTEwZA71X0VNwkHnj3JbH0b0/V3+KkS9WWoYzRSS0yzPBJUK0ZPaiLqMBjxuLcZODnBFnq+kaDuVs1DX0tFPTQpJOtviqIpQ4COCse3dOmXjQYCtuKvk5yV1aHaaK7TVQnpAZXeWlo56GfsYVZ5uyUMcT7tm7tkHgYAGtNtItngrLLSXKCKIS1EJes7ollWWAjiFyp/VGuxFXYAfU7L6cdevWqua/pCOy0A+McOE8dFaxrWgiOee1A0luvtLNQV1RHGbhS1KdidLpG0dGSRL2Jd7EiQKDhQ4AUgZZiwFoqumuq71X2VaexwT1lHJItwqbl2qalrMsDw7MwkBKyfojwwPcOQ2dM7E3Vtx/Nb9Vg1CTSNUUqPbliNVNCxQyI8kZKyqj7wroXkUEZADajuNmpFwLnLaHnURq9zlufcSGFie08cciGSSXHCYZwu5txXA28yttCoasS0OHCTci4iWmBOg3/8AMIWltBoZN4Ph+f8AHYtJrF1wOjqqaBKm5XCVhC1OqCVQAzhQE2kMW7igDam1VB9OQBW1Nz6WvVpg6u6I7FJvesiknrsxurKU2tLtIVj22KBmXDcjbuzqx2fqKw2PqGptdbdIeoruKiXsTVE8cKSs4SMx5J2s4VTiR90SumE4YnWLVfUulfWR3+K11oFd/CpqqJPp6eNpELhqpH9akgBI1Bw4H6V40mV8SwvD2SzWRLSZsMsEacSBw11CKboLT1tNxHjb2VMr+lPxD7pjt1hljtFdWGUzVRhCx9vw3fGTGiq5J/lOf+UHR1F0N1tV1cwu8VP2abtP+UTVZinre76sRShju2g9wE5GRtHuBbarpeHp2Ga8xdY11rUqUEVnp5ZHeEy7nIdiUUGMnlCEG39bFs6Nq2ooegnEPV9ou95qitUa+iqmoiCqERIshZnkMSZPaYKMM+ORgzqbaqvDRTggmJyPBm0mTbS0zPAhRbhGCS6Z7x/n0SiwUPXtXZGnNypLhE1LGlRQNCBIvbJXtqm9TNHuRVyrbWZiu1guNNLTFf47Rbro1DYLJWfWSfVPd2c0sWXZ+32iXKDYfGVIwARgKdI7f1z0I9kqabqSuq6qSIRx19XJs+pkqnUlqyGnQDCxspUcsFypK7mJIf5xY7ncJpKbq+42C4zwAJXuywwTnJVkkp44svISR443ZOSc4yvw+JrF4dTyidzDGkbtbHeJFrFXNqU2gQ6fHn3Vjttvpb1PCBd7fQyJcpbtJbobsncGCjR00IdmwjsXzhRiRjuXwVEvXQ3TVR1HXXi/9TyUthmqXuEtNVKqP62wxjdG/Qp2qzoCBuYBRnivz1nTdI5sLQx1qw1tVcp6SjGaSaERjMzVBld5FTaxKliSucKc8B14s9p6WiWrstve2XN3qqGaK5fSzXOGPftQgdx4g2dmw7QTtX9WWF1PD1mvDqVQjNYCBMG5guOsCRrYamCRB1RjhDmgx2nX8c8Fdbj0105XdPSG1LTSVtE0kH1ENFKFpS0j9tdoIljYDtnu7OdrblGTumtdH0LaLrXy3uWK011FIRWUd3hLxRyqgMc5ijaNCpJBC7dzeAFBK6qrWmxU1uqaMdQXPpq/2+qFF2KzvtAiOwwHkjjjbG5i5ErNtWNvAIGp+oo7G1nnlulfZq2uSWnSmpXuBuE8MSnbLJFMj4EWDuSEscbsEHg6qFB1T/ZNV8E8L3jTUEXmRYcRF5Zw3/cDR9t/iCrc9T0b0vcafp+5XahobUyJWx1tPWS4aOXc8qAb3kCblQqpG0YOCHAzDdevOkrTdjSN1FdqZoNyTQPQBodjKvZL5ZGAjIZg7At6uV8aqtos9qtSCvtFyobfabhEY3W61RkLrF/DKy/Tf8LezrISynbgbZAGIMdHa7xV2e8Sdf3FYoVji23KvtH1yMm0Qmc1A4kVA2EVM5LA5AU6q/0/DyX1HuMQO0kmDDcrpMzmgm8Gyl8zUgBgA+3jI8FeLT1fSVnVdLXUt06tqaS5QKjuaQLDHK7hI5YioG1c42tGAHz6s4xoK3XjomuvNP8AXvbbtdnn+nraWOiFEtCqRkFVVnDybGGC2WPlRwCDS5a29WOzW2tuNyhvElXXfS0lZX3FBRooBUxVVO0xVGVoo3wVYYTBzwuqdQ19tq75UXCZqQLUMzMtXTCeJ2d8F2VSAyesADjk/wAvONeG2CytndTcQAIkRukRYA28DaFVVxzmABwEzzzddwreoOjrRLQz1lHQXGoliaXvSrNB3sKNjNDImQkgcMjMDEhB9IGWA9P1POfw/rBMKGo6gpgiTyVlH2FhLSCMiN4t52LyAyhM5XDck6otusnTvV9np4KC6SUlxSCko6lJYZ6qOCNUbuz71LEoW2Ar6VUkAeNGTxVPT/4czxV96oLDUQ0rwwxQ22tMlQ0VRvSUzkgKWbcm8LjkLgYzrM7Z2GblpkuNTMJBBO8ncDAixy20JsrRiapl1ssbufdWyr6yoayOmuttm2SingoY6RKiaSsndhvILoyyIiIHJVSVLHBOoKqp65/2RtNa9Ha+oj9O1XLSyW2SquFPHKskZVyzeqNDlfLFtpDYxrnlB+In0d4S50VVJSK7CmTuVe2s+lYqZY+47PsDAZTcWALOeOdNLz1Ff5OkvpxQ2lLPVNFRCdYqOSqhRnYx0+1CWBRGGQqqQ4HIzq47FfRc1oa0Cf5HvEaTvmxkm02Ch84HAmT4KzWXqy4x9QU9ipelZrVeYCHkjkKMHjZg8kexEw6kRjaW2mMMQSI10pu3WVeOsFrbZFPc7hVB4LfabpbtpendCJGMURxUP3Q6k7WD7Q/tqvW6x1v5tVUX5pWi9Gr+gpam7VDQyEIpR43DMZYN4KIgYCM4Kl126sBrvxXsFnrIOp7RJS2SCWCiqqmohjhqTIGTZKrph5GaNnXer5GeWGdTdg8MyrNPISQBBMTOsTJOsRIMyJkqIr1HN60jtj3Q1d1VVXfp68Gq6HtzKoNe9yt7rAaYlCFEq7iPUEbEedw5IXOqfcq67pUTyG3VEDVOSkCOcrEQNqozZO0qAACNoAHnOoqm9WVbNVPR29IiLgjUM707mdYyBgM4bZgc+k7jl/JwNL6a4s9sQChMSMxIkmiknVRyQWHGGwMZ+MDxr1OytmikC5rIE6GeA4k+n+cVSq5xEmee4K1fh/FFX3VpKrpaqmgz3Y2nkghjgkyxYliwznOdqk55yoA13PpvtJRJCFp2RZSIjBMDHGdvIGSTnzkDAzkcjxwDpi119xr6e625KeejikWI1NRUxwvGyqVYwqUYDznyoOWGT412uxP1DZopmrorZ9PlQ0j1cyPtzj9LBgBknC+kD2xnGvQELVQ0R/VYZrUe3JW0bIqss1NGjvnPAKkHk4H6ceceTjXz/fKxFus0K0s07H0VP1NL2nAAyEJPpzuGfR4+5GuwXPq6GSOsgWqpqercM00sEyySQJhiJJFOFQe43Z8ffXz9f6iG41bNRHc5bcWeoYPKP1NncxHOMgZ+RnxptF4SxDrWRtFbqSuDNWFVWUFWIwAFJC+PGQSd3HP3GdXiy2+CptCIZO880605p1IYjew2bgcB2DKcEH35wQdUOgnuVLJCtXQTRwIv1EtTG8jHBiyFAxgNhQBgHBzk8jF96cW1XfpSWERCC6RhmUAYSojSYIyvnHrCtwOBhNxxwDU5jnHsWJq9KsF6uFTNOtHX09TuUSzp6U/SpKk5K5OCQOPfGRuKi5UVVTXYV3aqDRs5XdRSowBL4ADZB43BctwSSeOdWC42yraYUNDHVTierZY5qRGEcMmAQQjYOBs3YyAx9OM8GvCS7CFYadd1WA6mmqadPqFDsdp2sAAMlwGzn1g8Z5jDm3JUyq7W01RUVcksktwkMiM1Qaf0tIOck/w8YyM/rBwOc4zoCBKmmglgoGqZy7kxiV3DpxggYJDBgRxjAOMDVhie9CqFJc6uOjE0kiRzV5YxO4KkZwGHK4y36RjnydV6tooCqNVWulQFxvNTUhPUSeVYMCwI52jkAA4yTnQ1xjraKJG9du/Cm/010sC29qqq76yeuCpKvLjJUsqvlmQZHtkYIBxq41FJUrTtHPVPSTqMFogSuAByVfj5+eD9tfNXT3VEdiuqzw1FDUTIqwOsiMdyZGCrFuSWCEMpBOOdfRdivEFyskE89F2p2jEjRxT9x4nPqy4JLcjnPAAIHOCdVvB1C34eoHNylc1/EOxPDRAz3+hZVCqq1sMYlMeDgA4yxHpAxjIxnGNc3un11ttFKat0iUxh4ZVo9x9Q9PqR9u5sHHOfT6hnX0tWUcFUiLK5Xvh44n7YVkPBPqIyRwPB8Z51xf8AEOgntVxmvEU9XGJMPUC4TyRlguBiIkAEBVzg5yePvqbDnsQo1qX8guYJdLhFWj6umdu0UJkkkCLgsScLnJ4wOBnn7AaYUU9TdWIraVJHMMgKwjfIcbju459uTjxj+iuciWr7tsq+9LuWNxT26XcckYBJPP2zg+PHGpPqTHXz0U5dowVyDISBtRgQA2SRhj7jA/bV9Sk03i6wkJrV0VdaFFHW0rW2QASUsFQux5U2EBsekjzt5xgFiPOdRWuOauuUzmoSopbgjwxyRco7xsSrAnxnt445Gfjk7rWDcY6e4w7Jh3pJJaZJZfUjKFLHPAyf2I8g8iWxrUWwUsaU1D+X/UOS8cW5oTsXb2ucgBi4K55B5zgY5OIbDSRrz94UmulLusr1DYJZYT9QFWp3MzLkDuKJAWI8H1AYPsBramvMVbbY5llSWKZQpIb0kE4OSPtnUq9NyGnlqTKI6N5GljmlBk2F3LqF5ywHqUH3Az7aBr5pqehWpeNWRnigA7IB3tkNtIAwDhuccEY1nNCk8NbTu4G55/K+o/DXx4MFgXYPaTCaeQsblaL8ZJIEgEbjqJ7WXTMPfuTPU1EbvsmLGnbKkMwYDcRj/wCm/HH6dJ+o6IUtDWhaOPbU1UcQmlOe1hTIzZJweVReM+NPoay2R1McdPPtgjASpM3qDMiBN3Ayv639PPuffSW/RJUVUkSlfpkqT3VAOCoDZz8DnJ8fGraJIrZjYL5fWcx1VxY3K0mwmYG4Sde/ekgpauma2xtjbO0tQ2AQM7VVCQcfJyB43axeaOS3iKOS40NXvd+99FUd6MbM70JXGSOCcZGcYJ1aUqUaiS6NSoWhpTHGZiMpvfO7wRlVTj44+NKqm1UEdntlkjjAnhg7O5CFUtIxLcAeeUJOeRu41qZXkiRv/P6SEQkVVTqXiqHE3rcT7gg2ADcAo++VPtjn7a3o32zLBUAb5CkpVQSGXczEE/bJH31Y1pYDU08FQCY2YRptGPHHkewAbHwSdBSWZVt7XCIAwxv6FEmTgrnceeDgL5+2rBXBEOVaGpoIq+EhizdsAMqqCPUrYwx8E5GT9/trNZZKamrTLJGYfqYE2KoxuGHBVvg5HPyedPbbYpad3geRkWUFVKr+lwpAGM+zDHscE6KhukMDSU6zxTxupYh41yuQUJA52jyAfOsz8Z0bjlEjv/XFe2+G/hJu38O91CsG1mmwcIaRH9wm/h32uqm9uq2uyV843xLNLMnvuypceOcAkef20pFulk7hpopCzInelU43BTw37+P2510sWiCGS2QLWv8ARCEtJnDOhUn0/DcFf7qNB1C29ZxTUsaLT4DRRzKH9BA4z58r/j7aY2hlEgcyuVsX4frbV2l/ptN7Q/rXmW9WdCJkWsRM7lRZen7olXHK6iKIHtRNuWPLDGcDPnJAwPJbjwcFihpHG96iVGbkqCowfjzq6U1PT3Lqem+qhdokUPIrsScK55B+/IGfI0HL05TTTvMtuhAdiw5cef6as+esM6jh/h7F4jE1cMzKHUzBkhomSLZo4FfRFu6r6VoaNaa8dRWu5UEcSOtspaBHkIA7S0ryygyPtd1bYvrVSPXgqutLhcPwwoL9cLHW2m5Rw27fFEsyTqIqh5FwskezuZLZZNxbHG0Dxrnd3qbRarmtnu/QxW3xzJVw10sU1DWVlFLMxZZHclZO4q7N+04C+ltQXvquKntqotBUJa0kmqGtMdWy0ilpHwoH6wHXALZYkoMEDjXiaexA9wewvh3AtA7D1f5RIuN8E2vzHYwixAnun33LtPWlTY6q32/qqotfUc9ip4ZaeonioE3tAGEcqTyj14JOwxSBdxBYlRklNaepena6jNQldZumamR5aafttFSXSOgiVDE0LQrsiUFlxJMf0lhuYHOuXDq+/STy2qmuH0ttqXMpipW2JIp/WrMq+pzuZcgDOVBGBk2fpKa9dRm4zWe6U9bc4bckkFktUi0z3KmGElV8bS0O1kLKH7jHb5IGs9TYXymGPTPs02M6Am02jU3OlpsFY3FipU6o1T+5fiNaLLfZbTa2kvksNeC9RPUd6OoIDRqXbGJeTuDIVCklVAXBOvTtHU3rrqSS2/iHebd1Vd4TTzSQ2wQihbKu0ZVXXdH6RgxkDhRzk6541s6k6IttPWXHpSBIayploGjudMJ0d4yUlYAtvWQH0hlwBuO08HWkN6ttv6yuN3tlvkp1lpXqLal2nmmqaSqjUCFjJF6nkAyE/lGAWOVyd7tmUnU3HDOkwRm6rgSLQc06G8DWIJtBoGIdmAqcdLiO6OxXar6uvdF1NZJ7B1ZYOo56O2z7HqaZ5Gk3Hed0lSNzyMynCrhhwik52meDqzpy1yVtvpaSrrmAYXB5Foo4alyqkgRBCacbdygQyphhkYJ5i6pvn+y1lqJquqpLHX1sf5pLBbo6dgtaYyoBR5WdC8Ttv9AdWxt8k65lP1fJcemobFSzEW4VRqYaSnjUFZps5Q4XJcL7EtjB4B1Vg9mMxTA4MBbpMxOpklrQDBNgLanWFKriHUzAN/bzPmujVvXFludE6/m1Rbq6qrlmroqRRWVAljiBWdKmcbly6RqUDsVIBHk6rSUK9TdJ1NTD1jcqnqGmhlulZR1ixrRTxoe5KYJAQXlIdXKEljzz40pnp7ZFBUV8E0ETfUBY6SqrAZsbR6jLtRWxhScAZJOBgHRFqjs5p6v8xsEd0pmjaN2jqmhFFkjdKHQMFbBCcgrznzxrpswLcPS/+PIMjcJ7rxI3fVuEGVl6YvdD4PPO7wVgS73m52Oo6jl6aoqu109T6YqKnPbp5JMj+Mx7jGFSiqkbOuGCcFRgwpLX9aV9FZJI7VTVtbUyyQ1cdLRpWwTw75FgJVo0SJ3lZicgkk4zgLphSwnqLpi93SaqoaRKKokqpKie/TGWTYoSOnkp1UqdoMSByqljgZ41VK2y0UXSNHeYmnttVLLPHUPWwIkKTxuAIIGDHukjJYEBgAecHWejTpuzNADXgwLTlMSJve99xOhEqx7niCbgjzut+so6WjFosMdMLXW2tEpqqaajWmfusHDo2MySOpfaHZtuAMD31Lauo+oqqt6horvU1tVV3WBu49AkDXCepiEexUmZS4yI39EQ3FtpH6SCmuVQs4omt7UMLUTCnjFJF/EnwWcSyOzHfJ4GRgjaBjydWi3lrJaaCO82W/2itnjWJLjVwtHToI5PXLToFBmLRnblyCrcjHk9J7GtosbVEv3WE65pudBGaBJECLgKtjyXlzTARV2uPTfR34iUF9g6XutJCIaW7mikUz26CV42WGnZXU7jIpDKwf07mYjI2rXazqc23qeV710HTiqfvvWWm5xyjcskm/au/wDiU6qrRhdnK84/USbrLQ3SyWiWvprrfOoOlIk7Ntu1PUzUkKVal+3lSTnsy+kYUAk5BHOgbFeBNe6Wpreoq2lkoI2M13ht8VRVKJCsZkmeRZDUYGTlwu0A7MYAPJoAOYaobngQTmdNhYEXc0jeCMwkRJF9FR3WDfpvwHn2+yHuHSP4lx0FLQQvUQXKgnUrQwd0pQRSfxYiKgsYCHJdlXJYNxyW261ulqs1P0ZPc+peqqoX9Hljq5aCPdUT1jRxzIKgFQY2UNKrZjUbv5iRgjW/u9DdTT9MXue03m1SzJVTLba92CTqWWKaMxuFLKBkxtlRj2IJLiksFJ1F1XVflN3vl4jmm+lmvhsislbNKEjVG/iJ2g5LgGTByATkMcR6ZzCH1XwwdbO1v1TqJvAk6G+hlxkhw02aJOkE6e3n7JL06LV031Xbbn1O1HfqeSg7QhglNT+Wr3CxaohRULkh3ATcRuJ3EbVGi6vrHpy9U8fTv+13UkNhFUsUlDc6OJ0tERZlVocMct2pHU8hkz5OMaHuIrrh+Jt3qusKtIalauSnq6qKnhE3dgYBQEAKHOF9Q44zzpIL1Wy9LR2SltdPDGjPTT1lMXiWpxL3wk8oOJCAPGPHPPOt7cA3EluIeZcRuIIGsESN06wJ37wafmCwGmBb18VcLn1j+W1dTYumKc9QxkVVpo4akxGmippFVYWppQAzS8szHanqZiSTk6T3GnuVJYb+LdVVF0WuFua51lHRpSw0nqYpTsskQLEGJSJIioYg7t2dLKq8Vl3tJquqepbjXXyRkKUlRGksIgRSqMW3Bt+92G3bghSSTg6tcnT936i6Doafp+yx3CGZoRFL09WSVFNTypCydqaNnKiowEJKkhOVGMlTjdQpYMMLoBJEkxBIIdMnL3iIk3M6K3pHVc0Xtbx7LqbpJOp7farZa5epLN/sxLUySl4aZLgFqmjEn0zxblHcyo3IxEK53McqBpnceo6eGO2TXCXpmspo2qKUWi4iouwt6NI3qYBgu7aq4Ayp9seDVrdblhoZLoL5brDco5GlitNdHNSM7wgBnhLIUeQyEKIs5+cZwU1Ff/xKtslyqZPzB7V1BFJRmraDsRyMh3HtlFCglsqcHgDnxqmps9uIql7HCZ/6JJmYsZME3vMQIkzJmIcxuUg+/wB7dy6D1pDJ1Bc6ykpbXZxfa+aCe0VVLbnhkqKftrurKt3bbFG8ahQr8ps5C4y1VvvRpsNsPU9wrLJJSENb0FHRyxSVghRRUyQtIxEZUlsNkBnXKjkDSq2Xy3zXS1wdUXBqKglq2oru7XOZJZnWIoskqMj+A+Cdhxt4HOdSdT/+WNT0fbo7XDUUl2Ek0M8kiyyU8yLuLyRmQrl8sisAgViRjHA1ZQwmIwj6eHl2W0w2RHfNh1RoN5NpGVPqsqh1QgT33/evO8yrsPWVX1pXda9CdOdWFlIq4Ky80/1cuztthnkbKzryTk7iuRnJwdPqTrKl6xsENJfp+obh1RGfpKWoeKET9mSLexkbtFdom4Ughwh5wM5oNzu3WBmW1V/5wamKmjhoKx6zMoiI3wgAHhTvGNuFAVfIydWvqrqW5V3Vk56v6QsVH1CYUpKqAiWORKgKAXJVzuYnHrO8EbcZB1dXwL6tVjajGkgdUtPWAECDJlzTN7iN8yosrhoMTfUHT9eqE6pqayqgoYJaK1xXGFRHViCsFCtO6ghYWXjuMNqn05y3jAGtbR0Tb43oppnrsyZaV1k3GXAGI4nB5PnlSSAcc6QWyW2pV09JeLPULGjsd4KqZny36RjJVSoPoG4Y88a67YulbaKiirjU3NIY2IpELyJEAw3YYSQ7pOQAP7jjjXqMJR+WoimOfePwpsHSnMnHSVkoZHR46GeF3bMsVzmStZDjKoJSRnHDAHja2cDjVqq0gExG6EhH3MhAftuADuHPpIwOPudS0tL9PQvLNHAgBB3wkKp9yuSBtP3zyTpPWMKu1PDTx1IbY7GSnq0lkVsk8DIJJx7kDwDwTmwuWwNAFlRfxDqDSWRnRaZY6mXtvFCiMjDaSWmZyuFXjMaBido8jXGoKu1XOtNnoYlWHvvG7yQqoXcSQwDAgMCfAGWA/Ya7N1nHSi0RU0tLSVixtiMVweOYEKpIHbTBbarDLeAfOONcmq5bdbTLPbLeoYxyRrA0pG6Tz/D3ZxkbvfB8A541ax0t7VjxIutjNd0qLbB+U0wp3KLI8T4GSh8kDGAOd2PngFdXvpJ54rYLfT2QsyRFpGomPbiO7e0jgNuYMSoDL7jnGAdc+rupGhrTFIu/ZH3kZGLZYFypwfY4HnPOD+1gtl0pq+nlNxbfT1DqXlMaR7mD5aKML45D85H8nkHBzl7hEiAszTdXDqBKGhhrKemu1QKwJJIaiogLrnLsYywbczDCsrEZ5B8NpdHXRNTpR3227WeKWkaRmMhyZECbCckD0rkqQQOefAkW8w3H66pu9zqShZYhMO1MGh2FVOfZuCjbGwyrjIyDoN7vQLUUrxRpSR95Y2RVALKM7Qc55IIBcYIycAgACtzou1TKxTVVRSsaiihniMxEzzGoBZgo3MyBvTy5yODjHg7jpZJU3K51SirijrUlmUxzqkfbLEkM4BTJOQE9iSF0Y1atXdZaOaolkhnndjPSL2AHCs3cbaDwOAf5fXk4JGE9TWJ9PSRU0VdJ2GY95pXkUqVUtvcDHBXJbC/OcDBcSAQUpSSqhaOSXdPDCYXy0ETGMJgcnYVJDZwMHgfI86b2XrzqXpuNoae8Gmp5JULJMAVMm3IXDK3kKM4UcZ5znUEz2+O3xw1dZOleHlCzgJIrHeuAynaU53DnJPxg4CutqLjFLN2rVcELR76iSIlVILcHGRkeCCpBOffV1MZu1IEgyF3TobryXqLdb65qasqt3qlgRIDAuPSZMMTvLBlBCL4yQM8PrxbaKuQUkzQ0sqMr4dAySKp2hXXGHGQD5BGPIGdcr6O6huNmrKGKPpu+SW+MGVpEhllVv0jcs2cLg5BXDDDZIGST117jTSOaeOsQyuxmjgVisrHkZJC85wR7g55znQ9pF4XSouzNuuIdW9CdQSVzyUNTZayHguaOCSORFAPqcIAuc5HAyx8ZwDrntytd5tbuDURU88OEfeA0gVskbUOZGORwcDzt19R3Wtgp46ao/M4KeOQ/xYe+5aT04ZPS25WBzjbn5POTrjfXdFQ3OvrEtdws0zQhTGjxNVmZ8DeS6jdv5QgtlSCfVkEavpVSbKmtRAuFyunrLlRdhbjKRAzdxWkhVGxj1ZUAt7AA8ePf2sMU1MbNLRO7zSTGUMlIT3OV2hw54DeDg4OQc541pVWaakEz1lXHPSTQiRJd6y7BtONr+c7nI484IPnVdeqlhkkPa3yq5QRseRlVO4DjA4GATjk+POnVY2vZloWPQrodVcu/Q3GnSrmoEphKIqpNs4Y74+0I88ZUE+geACPvoW40Nrp+s+5KgNPPRd54e9gSMy+CM8HAZs/8y8+2kVgu6V/es1SJKVngZ98ynABkVg2CQCxJByTg8a1mNRWVjQUf0ktOzwJJUKxYqjlM+o87lLBcAbR41yXYV1JxZMa+sXlX4R9NuIY6rdsie7f6KSFbKlORcWSngMj5qIoCTvZiFBCkenPGcH5wfGq9X1T0t3uFLBX98CmLrEilO2xJO0k+f3Hnj9tA092rrbUrSzTTOI4nkeNIwHdT4JbdjJ3HwMDAxqa5VBq6+JY4oe6qmnd3kwoJBISM5Acj3Pj4+99LD1KdTrGQZ7l9G+JH7Dx2zTiMEWMqMDIEQ4zOYdU33fUDGU6TKdVU0z2yno0KmMQgueACd4AX+wP/AMOjhRxnqSO6o79uNiViTgsyhAMDztAGToGCvo6mpmo5YgGgmWCNcFiSij1ftneT7DjQF36mprdUdtm/jHBzJkDGqSKhd0bG3/K5Xw38JYfH4Q4/G4kU6cloGpmLbxHGNSOAIKPkgmWsnqZqiWOOSVANvqJ5IzxjA9QP7DxqVKm5y3ynthtp+nfCiTKr3Gxuwq5z4UnHnA0vqq+Wfpv66mI2xHukY9LKByfvjk4+2i7NcKj83dZ4kmpw+En3YOzDLJ9xwzL84OpZS+mXOFxPgVdtAVPhHHmnhmh9Ko1p6wBD2xfsAJkHfG+Dd298p6CsqrPPUiSbe0Td1gp3bmbeG8ruB4yPB99BfktdbbfTitppWURs8SqSCV3NIBu4Occ5JAOcHVvt9joKyGhuN7mt8jUdWxjlpo+0slPJHGid0MMu6M55BIySfOdG3e+Wu3QwvNSmaeemMARyDTq/P8M5Pq2jJx7nznB1zTichyUwTOvffTwWPZeKZi8dhG7PwjW1WOGjjD4jXOSBcE9oMbgVXLZAsdljqLhHTUtFI6yv9ShJpyVxkAE5BZU/TwDjySNVvqKn7fXsVAbi0NVFEIUjlAxKd5AAHBzzg58gr40/uF+uV0enoo6OCRYLZMpzGoM0isrKFUAKHILkDwSoPsBpLdLvTXivnvVMG2mYywTRxspzIxG1CMYKlST75CnONa8Ox7usd8/geavxe0a2wNu169fDAPJnLm0kgyCzKDPYOw70ys31Mtplh+oPfWqWGc7VwsZAyhXzj1qc+/A8E6rpvFyhYxQ3CokjT0o/8MbgPBx7ab1NVTwyzUFM/aNXAHm2qr7IzKY9xLZLMMDHP6sDUFFf6WO208dTZIDOsSiQhQRuwM+PvrRTpkAnLPkF56rtuq/GVcZkBNQyQ7rR53XSLTT01K8tbYa64Jc92YbnerrSxCloyCRCInRkRwC6A5IAkOBu8U9rtSVVTHFb+n5hRGBglNEJCvdELbWPczuG7BAJGM8jBGGt8pYLrdq2mp6KgtEDyCKqprfO8kNMTGrI3cIcsJArEHOAQPAOn98sPTnS/RcENPi8XV4TcJ6ygvKTUyIRtWnaMqHDiPazY8gMAcHAw06lKgWEtJe/uNom5mIHYYvbUriEOeDwCGpuo3uPT9u6Pr6i101thm7tDdK+B91knRVeVlEIyQzeQ4bnPgLkHXugrejL7UTdbtNNVV9D9UIZVUQVqynbtqTDLG4i2Qj04Hr2ZUYJLak/EbpO49EQWTqr8Pun6mmrJpKUraEjoJ6KNkDTGJTuk9RDHeGyQxAIIA1QOo56Wv6urnho6mitlZL9VBJWqJqos0jbu5MPS6ghMeTg8nOScOFpPq1XNdT6Nt50MyRdpBGUn+Qi5EiD1ja9zWtBDpO7dHhv7OQjr5VUNbIFtd1WO1K0Us9ujqaiemhm2n0xLKNwYA8+doP62wToKl6l/wBnobkKOgoanvLEI7vVxl54DuIjNKdwMblhjjJKhiONVWz9G1yyin/O6F7a1SV3VhdKTs48sy5IPC8eOcHzp+l2pOl75DS/h7V3SktYdIJJ6xo6qpJbMVSBtXaYwhTgHjgbhnjsPw9NrOgaM2+8xb+43MyOB7VRJLs5KsFderdH0hXVkwr6q71RzuqhGYpIkAC9uVyZTIJPAAGRk5IBAAtl8tXT3T1qtNsiuNdUNOtabXVJDNQPVdoRPJJGBmSQeU3YCgcg84eXi10dZ0/TXS22+hho4AJKO8XV5Fkv8YkWPEdOpMURjk2g7WBIOTwWytp+loKb8N16ke4WcnvERU8VwikaGEhnAenCFwxLM4Jb9LLkcknntrYZ7OuDBdEHjuFvb6hoYMhTy1Gm3CU7sz9ZVdt/8yataOaSzwfl89Q8tNJFTpxEEjp5AdybAoHp8ljng6XTjrCNaa7264dTLF1En0dI7OXnuGFRZIpFjYiSMAlfDDP7aWQS0UvUtPHc6Grr7fE/YqJ7esbSGk2LtkjBK5kLmQqzEqV3ZXHi+Wa9dTRWasqIOq7hE3S4a20droqOUVMVCf4Ss0kQ7aFtsJbLcvGcMOBqjF03YZwcxrDMD6SIafpbYO/ncmwAOk3UmODhDieOu/eb9iTdN9LUQp63qDqKvvFD0ragz1hpYH3tJJwkcPp7at3HjYqSMYf7ERW+Outf4eWrr20VUFB1FSXORaSfdJM1ez+g9mCSJowqMyodpJJD8jjSug/Ea+WDqCKo6WudVbSkQaRabIhZGYoqvGS6t6txAcZ5BGQc6bGoNtpr1YLxbupKbqa5SC4UVvpI2p9juUkZzEF3PtZ1CbASpzjbtyFXoYjpCapBBiG8W6OBbER1pcSSCIsCAU6bmwABfj27r+FtFQLpY+rLNVtSXKyVVFcatElejq6NhMhZmETbNudpLv6U/wBPI4GLVW3lbrbqmPqn80u1ymgeli+pu8uymZlw0wBVixVkAIyBwPJGdWmp6x/CKsmtHV9f1V1dXdQUgWnqbbMWrWqWUF8rOTthjVi65zvGMhd3mv2S89GdSrD0vcOn7R0/bp5mqHvtRDUT1FEiBWMJYnOMHttu89xWOT6tTGNqVqQfWoODmakAtjjlvmIgT1ZkW1kININPVeL+Pnu80vv17o6azw2OyWsQxbV7leZUkdZDl45EkWPuqAA6dti45J886s3TxvVytFsvd1q2sXT1VXS0dXL9R24mBg7ixPHCAxVthQkq49Qbkg60t17ttB19SP071nduk+lqOKSkt93vitLVQgbhJAiKCNrSbnUgZwGyQCNJqy7TXnra12/prpenpa1w7xQ2uZ6pnk52r3ZCWywG4gngEYHJ1HO57ehDMgjMXGTEzrmgBw7C7KbEARIRHWJk6QN+nDd5TuVsjuVmpLtc+mILdQ1/RsyisLC40/epoaOUFZY5ZSoJZu4e3ImXB/ScnVJs3VN5tNbVXWhq3oaGK4RXiNoRFFKwj3ZVBGMLmB5IyACoZs49JI6DB+Gtil6Cq7R1r1D0Hb56laeR6irZnuNvqWynZKArsGSVbcDjLZzxikWnpeW5dYV1mopY6atoYUmNLdJhTIpEYyWeTYMsvJT0Yzk+TrJgquBqivJkCMxIMEADrSbEmwPcJ1CsqNrMDIt9uxPIOqOl2p+prZQpPSv1ZC8lNAkSzNaQh7g7tU4y+8MWIjO5Cpzk4Oq/HXvJ0TJZ4ZacU0e2rSNacPLLUthTGZS+5I1DykBcZbyDkHTebqWnunQVh6GstuuVyFEzQSW6rnhklFRtBxTVEcfdj3u7BgVO4hRyNE3RLW/4lUli6orbRGKe3w2Rq2S3PSijK+sGSLKiWWIF1L4CuVBIOCNa8KKWHa4PYQ4y6LuJDeqD/wBoaRrPFxkquqS+4IjThrfn7IWrk6G6ytVt6Q6XtlfU3OAtBS3eunhtoqoWPdcyKRkbWJ2lmLY/+7GlxnvNR0zdrk1uatlNbDT19VQ0UcTU80e5I2gqIhtg9ar6UUdwEnI8syrfw5uF7ofzHorpisu1uSs7AqhEfpp2MzRqacON+zZsJLbsNuGSOdV+rsnUPTl3q7TNJWUdUkVPJV2xnZI9yOI/WgwuBuyGOQAAQTqOFGHeTToVA4gzDruHWBdN7TYxAAMW3AqGo3rObHaNNIHetrJf7RJdbyOt06uuRwwp4Kap7aSyM6lpJZZf0epWbKg7mGTyNNqgVtwpnkoLnd47VSVEwoLbJWCo+lUFS8jgABFO5hvGAzLjJ9WqzT9PVidYTSUN1qvron7NG1CncmlqppBIrxoDt/UMKvjI/qbDU23rOwXO4wBb/bLlWU/09fSVtSqpIhUhFlAwpUs244858nJ1tfQptrf7ZBcRIBNhEAkN3WOoGpgqoOJbfTjHuUHZL1S9OdN322V9mjkrL9b1pZ5Z5N0EasxO5IzGdxC7VwGVgTnIwNBS9V1lTc4Zq6rFbJTxCkWkpYIlEtMCodWITcV2xrkk5JGCedWe6dMWu2WKz32332KtubQIlfRpRyRmGUodz5Oe4McZGCCpPjIFJehqbVTVxqYqjfU0aF6qPEcPan/iMjnHK5VUGAVHI/l1ZhhQqvdWpt6xN5BBsMpgEAgQN1jr2oc54AYTYcPPcrx04nTNXbK7q2Wzm99T9hyLTfK8xvXFpty1FPAoLTRowKNG+Ay7sHVdvFNbRJbrhJPJBcJXEVytxiAFHh8P2MEAr6ThGAMYwCW5OgKWGtpL5Feqdqmiraco1FX0xw0LJIGeGPI4cqSp8AZ2++rRFY6659V1NVQdf2i7TKjTLcaWCSWUs8oJO1QjE4JJK5IJB0sPhxRxBcHSHaTNo3DcB5HdFlZJqtDY05niundByWZ7bNR290u9LTyCPKxRod5/mdWYBnAUA4VRxn1YJ1aIKWP6h9tItIItqxykCIE5wEPJyRhfbwxxpLYKW8NSSxVXVNPdYojHHHiiWAxEAgc53O/kbJCG8cDPLqkttS1IkjQyNtQIx3GPd4JwAGxzxnOfP3GuuSF02CAjqnsC3vJBJSxB8pJuDCNcH3BYMMc8eNKa8VcCBqeWmaORgakSAgxKvhVO1gB7ZOP1eeOZKuVImlptimSRCseYgxmb9GQBu49P+n38aDu1JQPV91bSY2iaPtmQBNoJ5Kx7SQQF4yBnzqsm6muUfiK1panfupcGLv3o5AQ0Mwc53blZS5DEHGwHwCcBdcqUWw3ZKaio2ip5NxWbc4Rlj5OM8nGDgYBBPAHv17rS208kc1DbqWksVKNsTXSGKnLqGXAUISWQMTknaM4yQPOuU3ajmtFR2DXTziplZoZ5YzTmQMu0na3nHByDzn3BB1tpOGWJWDEAytaKleKWKuqKmBd8c8kUCZY9xXYrn2wQycA+Tz55eJTLPa2mMUjTmmBSlVW2OiZbarZBUEJlX9XAC+3KJK6iW2T0cNON7bXQqjFlkKlSpz5wckgD1DbycA6c0NxpVqOyIniqNqSwGoLbWMB2lWB9QJULg58Lj7DPXkdaFmRs9VRJDMINkVCxBSGRu6pZfW6pv4DZVBtOQARkZB1HSVNPDLNH9SYQsSxwklpQWdsI7txljtDAnCn1YB0ff5bFOxqrfRpUU8swMssqiJ2DKG3FxliuQq+rJITg+NK5bXHcovqsSxPUIBJLvKomWYI8e7J2HbnAxgkHHnFOVNWGG+UtRSTrUT3ATsO2sULZIYh8gbfUxxs445PzjSG43q5oyqlpR6uJ5YZAIXjMWf5QWY+Du5xwVPgEaUpbbm861TXJ6lHhUCN+VhGEVAByRgHdjnG7IGQdF11wdLfSStHIwQoAnbLbWDOZGTBCA/p9iWLkcAam2m0OgGUShZakXBJe/BPDUR7TJDs7bsOSdp9OeVIVgeMYPgDU89UL13mqKm5zyiLD1kiOskRRmJCuG9t7KM5HrxzkgpJbxUS07rQVkh9gsblGiJdj6kIIAGG9PBX0DjByNQV9yp7vF/upAVjDHVRldqqyFR6QDjBbPqXkYzyBrQKL4lpiEAqz2aDqekiFPYoLlFRtMkjiJQYCBHtBeIFAGbkbeB6eddm6bvFTeKGijvHT8YCxSRvXMsG1WLHaqxkMUU4GGDEDaQeOdfPJu89FcTNSRQT1IUJ25gI97qdp9I9O4EAfcN886svT3X18s8ifS2HuxV9W4EAo3g3SDaMFY8q3HOCCBu+edSdTe4K+jUDTdd/qIGWvENypY6ldwYyNIrKG9RJYRsCMkKRww4PjcDqoXvo+zxqa24WsNDBI7GaipolanbJcnJUkpgtgheAAMErk2W2dZ2y80NNTlqFapk2GnbeZlIABUxn1hlwckjJyCMaMWtoCZRVQRyQqSHiDEBvgMGPpOfHJwRwcHWUPc0roEB4XzZfrcLXUw0tHA1XTq+9JGaSFkEqsBEIcryADySOMEjjmvVxslLZTNbmrpJ2b+JRVESN2wrY3CRH3K2Mg5BHgEa+j+oqa3VF9D1VuoWhVJDTyGUOEBGJI5IJCUfORlvYEYB8a5J1NGLVcKeZIZIpaj+OauATCVgR/xGijxGDn2BCkKMg4ydlKtJ0WOrRy3VHobpRx0zPDC0bx7h/vBAkYnwR7EcHK8DgcjOpIrjPa7lS0wmY0y1WVBOVchiOPY4OcYJ8HnxpTc7bQxwfUrWVCzv6nVgSE4BI3ZJOW2kjBHBOeeJbURWVMjp262CKP6qKGZsHubixjCnBZc5yBnghuedXVaLHgu3LIQmlbY1aulqKYLNC9HtAzy5DJlV/v/nGoGsUUdXQUVVUR7AY4iacbgh5Abn9AG7nAJwCD9mNtzb7l/Hj3jshoF7o7boQCCrDG5SAQCBn04IBB1NFP3rpGe33I5lYVEojwEBQEbfv54+MfI1zHuqUzE2Umm6p9vlqI+uVU9tY2d3csMAliTtY/+rn++mO1Lp1bTwS0qz9hnOXfKOB6fV+/yMcZ+dMfoRc2uYSCNwshpGVNseHG5PTknJLDgA48nPGsdN0lbJDV3Klt1wWOmZ5nnFMzdvPc9DEjGeFAXPuBqVV0y8WcBC3YPHGi6mytLqLXZi3cTYG2lwIPZZLo54Y7ZGbZE4kqlMiKspgZVEhTI252jIyD98fvJR1omlieko2ojMk000Mk5mQZV27gYKCAQ3g88cfZtdLVHYbVFFPEsbo4hh5V1VcBsZA8ZJyf+UnSKWCainqKmGbtpFSyRjeww0wc04JGf0kNuB+59/KpZajSRv0PspbR2i7FZWCzGiw3AwM0cAXSQN0wrXBcp2tENNHism77N24m9IjKI+0Z4AAznPw2ox/s5dLlS03bkraO2zEQ07PvjMZdVKyDHrwqnnjkn3OkdPURW2P63uhO9EYlIJB3THaSPPlQw+2ldHSCiM1VSQzFIZF7cQ3MY92TuBPgkgf5Oq/lrEtMHdzzqUtmYnC0HO+apZwQYhxaWncRFpHaCOxG08csFZDU07AW6FEYGLLuUwqnPIwc45znJ+2pY6WVLWryTQijjqAkkjRq5p8klyi+CQCQCRxkaAeaeOhqqBXAlpVPpp+UK70Cr9wARjHORn502mgiiomtkjruYPI6OCFDMg9Ckk8D3P2I+NXvtz6+qzvxdapUbUe4uLYiTOmgvuUVPQlDA319PPT0wLmrg2hnGx2COBwAsh3Ee+7PnUVP1h03T0kUEkMTPGgRmG4ZIGCcY40FIVoqe4UZkhalE7IIkYnIVOAM+ASV9/8A20nW12iVRJ9RVDcN2O58/wBNWU6QdJqEkboXTxOKweLmqW5Hk3AmAAAABczpJJvJ8T33qDqah6jtYmrqagtymUFJLZb1hiUR91ipCYOSjR5ds8+rO0YFdp6F9u5BK01Wq1JiyjtHIECgoVzkAEHJ5I3EjkahoaLvCmaOqkDQYid1QGKVjGdqBWPkED1e6nzxjU1Jc6Tpu6pd5ek7fXRQUzUf0lTUzmSQFwTMzK4KTbW/k2hVY7fPOKjQZTYKLIAC825xcZcbrFJRmW+1F/mngZKTNNNbVnSKXduO8RO6lclcqMg8vzx5xWf7zR1ptczwsZFqUppWaV0g2eiNQUC7sg5K43cHAB07oP8AYWnvVtFbLd+zGkzXaip6ZN0UrKOKctI24AYG5yc4B88aWVstpqrnSyWm609HQpWFaeuvo3z08BP66lYgzZyBgqpzkAeM6hTqdJVyhp01IgaxHnfuOqkWwNQl9FYVu9vnt9B9RX08FK0iGizGKWFRuI9RwB6R7t6uAOMaYp0/WQd3qG0U0xttKO1HPTQyCONjsdgrkfqwAWY+SwyPTpUlPPFQtBFPI8iyB5Q0RHc90JB4HCh+QCWI+dWSfqzqaHpIWq03eYJXzRrcIDOwhYyAoWcDz61Oc8ZyPI1ZX6WB0UTO/hv3awogjeiavpm13a4XG+2c03SPTq01PSrLXfV1ySzbATslWI7XIB3Anau4886VWLp6sunUC2Ohq5O80RRKgB+yEyoMspAJSIJliW9OFAGSclJTdcX+qoavp2n6hvRgjozttMNU8VMIkfMoMYJXB9TEYOdpOM6iXq/qOw9J1djt18uNJZrjEwjpUVImlChmMTSKoMgzIQN3JUeBjC5mYPGNY5jXDcGySYHGSC4njJvxCtBY4guHerHWWu2QQy09uqYuoNkz0ytT1qlauNSWd4pDyQqKw4/1L5OQdXuddPFMIbvPTTVYaYpBK0KyLkuA+0L6l7ZUZyD3FPGqjQ3i2PTdy3MRKZkdI5IS5Mm0IACxAXkuMAHJXHg6cyWS73Hp2K900E1RFUVFRbxWUkI7QkDwNGilvTuKKWVc5ChmI5zraMO6MrzPeN/PPCo62Tuz2e31HSlyg/NrPSrRUkkBhnnEMlUQu7ZHhWDPym1uP0YzzouqulwXbUS1lRVXGOD6anqZaiSeVaVk3GTeSZAoXHvjGB4I1WKWhtr3CjrZ6iuipshylv2K+QjCN0O7JAkPq4yF5zrda2opbclXJTzdyjiMPdZzhzs2Atzk8YAzkHbgnOsxo5nkuMjdYWmx9rpzDRCaWuK20lY9U60dTLRU84p0pDIqTr3HJB34wvqfkjJPnVu6X6vr+mlpprTR0tYWZpC1yhSd6Z5gQ5TjJY7Qg5YcHIOca5/0b1faLD1Mlx6mtZu1mWn7dZSI3aSpZf4hyw9+4QwHAPg4B05vd4tFw69ul0slC1jt01ak7W95zmJI4u3ksRgBWRm8+kjA85FGKwxr1Dh61MlhEyYy6xliZnfpHbuTbLBna6CoOpWj6hrVt7U5atmqhRwPhmZ5JGcMzFc5Ugsp2jgY8EajvtkuFqeeWeqo44Kynhmp6e3MAgUgRj0qQNzPjIC8DHPGgK6qks60NzqYqmlq5hOaepSEmOd1JB2+5ChypbzkgYHnT2u6c63e5ywxdEX+5VBjSaKnW3zkpAXB3P6MhQNy4XOSTt5zjQXsoNaxzgOEkDynck1rnaCUjp6YvFSSOrVckUAihzudmYco65/XhAGwTkYYNoDENSKunqdsQYyUskk38SRt+EBZm5YElmJPDbseANWCF69LeaP8rqluUvfixJSsswUI7sFjI3bVw3qxn0tnGNJrrb7HFd2iFbTVwgpmSV7fP30cBGTcHIwwBVTu/wCYeCcixol0gqJnenVVV9J1FdXUqUMnT1FPCyNRyVjvAm70bjUNtcKsjO68nb2sNuwAx1x/DjqmhvHT/Ty2Grnq7yJHollqsvOgAZGIYgqNpI8qQN36caqdLbbeY6+hu8lTskhVYGmAVVwRgAEH1EJ6sjaN3nAzoi4wdW3ZZ6aorLlXVlJR7KSRqv6hhCW29uHOAwCSDABXwcY1TUZUBa2i8AXnNJOljOYGx1k3HmphzT9S6V1Z1Z1NTdQ0FHfZLfSNaqiKCg6Spnm+npO1gMssgbDK5yhIkJXZ4VWyQ+pevLl1N1VT1nVL07y0VIYWou3HC/abLR5MeN22WMAryMNyoy2uXVfTF7rjBaYwaqKlm7k9LTxSB5o2Pr3qV9ARlyGIHDc5G067T0x0z+H3WH4OG1dPw9NWDqe3yNST3C4VYRrickoY9xbI3naSVwCm0HBOONiaOC2U2lWdTBLbEtH05tXGSSATrEm9ybrS3pK+ZodreOMIjov8LrBe7TH1t1ZVdRWyCAfWrXwGKKKcfyywux7jJGuSUWM5OMN4GucXeqrU6guCUvUNx6kt8ExgkutVMzyVEn6llfeWKKQG4YnO7aPGjrn0L1PdvxRfoGhrKarutmbt0wavUUzt2lmZlZjtGdzbgqg5znk6Q3i3XfpHqV7N1dCttpVZWnq4I1qRM6MjiRWQhWUEjgHOMjyCNXYAh2IdUfiA8ubmawAWZuI1cZ42E7rBRqg5A0MiLE9vsjaS+X2ivdzjhgamkrVE6dshCwYFMMCMbmXJbHkknzrNJTGTqqIGoo1qppoTHFcGVI5O4x2+sjtx7Su9s4DFj4Om9Z0xQf8Alja+qP8Ab221lTPK9O9lELJLBCzMiufVuO3KHG0DngnnOenujLr1X+KlH0xSS0y1L/76r17CJBsCbRjByAAcKASQMnWt2NoGjUrAw1sgkgiMutiBI5BVIpvDg2JJTdOpc26+0HUsNvvtzlqWSO+M+XpWUKpmjZQQ6n0jaTliPJ5wj6d+tjuq0zRxxrKSZal2wJM5wWlxyx3ePPPtzqCa1SVFVURwNCXpqh4pZYmWRYdmUIVhyxY4HIO/C/sbj0Jf6ai6sZVu3UdSJVSCkkWm7aRlSAxaNuMKMYYk8Z8Hk34LDMpAuZvg740AEDQCNwhaaBc49cq+2qjuMZSU1E0dOTtUd6Ta/g5O8kFcNkNk+wzxnVoqLlU00MYkiuSBymUjiIeM4wCx3DeuQASFGOc8c6ESF5ljkScxl8tJ3HVJc87jhWIGeGJAJHk5yuio6BKGrkqmiP8ADGGeRmOAM8ckjAJJ8Y+BxrWSupCBrIKx6qnlZlkMW7+GoxjnzluVPAOQece/sruE1XSwVH0KqgWX07Iwe36AfWxYYLFjyfjyAM6bGOQVKLFtjZFXcAQysdpYjO4YPHGT484zoWoaGKkhnUbI/qGAJO8PlyCo5OD5HkeCCRqqbpwuKVd7nq7hWQ18ldZmJZGWiqYYsRBcgNOG8ZVyAnPhccjXNLxdJKaIy2Rqqso6lir1FTUOWZ2wQCyN6iFVeRj3yCcNrtPWT0NfVStU3CWZqOZZzQUlEo70gA2q0pbwNy5wc+Rge/OL3cLba6qokpI7dDDUqyRUdPMixswkKjKqoHjdg/BODtxnoUH2s2VgriN6qtimqkq0pZaengmnkIaTe+ZVAI5cvkEjkHjOc+DqwWmogqqHa0+xXoxKzMWMkaBXdQnHOD2+OAxC+w0AtZQsv1CU6kSqxUkgtvj3IVYZ8nc3GPEgxo6nuXbhhApoPqtxk75i3CLaCe2OODnjGSMg4551DEHOSYhZJR1vpKiipIqY1TLGI4FC0jZaaLaxkaZV9PjA8kjwSMHW6VdBeLZJQR1Tl3KEGVtkQkXcCFBJYDCsQvgkD20HHcaiYLH3agVUewpKGDBjH3Nzxg/pJDMCAclgT7EA28Q/msAjqqCOO7UQDxl2VWJVRkMFXwcEZyRgIeeDqnMNXlMELE9PXQrDDIYuzKrsZj62IR9pDMcHPvt99w4zyc1ldW06w99qKYIzo9NWRqkse2Z1xtXG0qsYYcYG5fsNCUFLc6yKppaRWjgZEZMbe475b0IfdmVTk7gMLknxo+SjvFwejnqq2GrZ27f8efYKZnAUGNiGBj3jaA+Mew2kMXlBEmE4Si72+mguMVRHSRq86kKxwVlXkkg5UjcwZfcZxjJOdL6qlpq0ComhjqFl7YqJez2mDlsk5JAyBtwD55X1AaZ1LVNFWCOooQgeMkdyd4wpK+vf4XA7g5Bxkt48AGe0TVE89RGySbhIDEkbA7uMFm8R5yxBb3Bxqxj8sSUiFtFRS/Rx0tLeYBXbsLJIvejT1be6WLnDKFODg53cgeQVLT9a228PQG3Udxp+2qtVJKIYypAJBdmBB2jhTggcjBbSI0lylK1qlkqIU3KEUI0YVCAQAMcnauPkn5BJ1qWtuNH2moLZc4Hk7cq7QJZjsYkxy/8A0tuGPBwQRjjjWkvBEmDz3hSbCvFk6qt1vv0sJvN4s8YkCSxtUyVSRkkEDYy9tlGCMYLLk+ojnXV7R1Fb7pQpLa7n33MLBjFSTIQRj07WO305wVDZPkYGNcX6dhqoo1oo7De4o2mUtNE0deY3PIXa4O8ZbOQPcexwemdKXa10wprVXXX80ZtwGXiecsOcejyFwVztJ5BJbxrNVat1Fx3lWOtobfJBOBSUdVExDn6lcfPBBGRwOD4IA8kHVC6m6Lr6aySpQxd6ElYqGkpqjspuMm4F4pGAdgCcrgnJJHOddBkpKWe2LNTSCIsBGEeRZAFfBOx1ypGd3sOVJwORoWSGSnRnX+JTyksJd6O0JBb1hmDYceWX9WefnWdrywwtDmBwXAr9ZrrNWJTXnpquoMs8pni5aQM+5hjeN5B9QLAn24C51V6uxUVbbDLTfWT1EkZ3RSuBNGEkIU9oDgAHAx5Ckj3x9FXvo6wXWPbV2WlkmjpwkcjyxxSptUBNrAcDC+eR/nXP+sujaKNquOh6np2CsipFVQMOwrZwMQsEdRtxyCeM5Pvsp1tACsdTDkXC401fKoSBknK07jBKsAjZzu3EZDZ25x/nnTW3Xc006zOS4dO00cjYwCDy3uDwBjU9XTXWriFPTVcVx7UZKyhJliGW8qcfqIAPqGSQfI0nu3T95tlXKLjQVDD9WI0Mqx44w7ABcNgEHPxnWk02VRlKy5TqFZ7BW26pS3rV2+N6aNnM0YlwuZOSh4AIGXCgfJB0P2KSB55np+KDuPE84JdDI6ruUqdx9HnOQcZA86rlrqWaoipIQkXowiMw9b8/qz4J8H24I1cbFBT3CvjrIaxaimuSS0KsD292MhSRx7qD7DGOR41zMVT+XcXzb/PuJT1up6yMVNAsFRGiSUrmIiQ+Djay5GcLy4GPYr8aVG0tSwCKOb+DKY4pJP1PBF3HJC58j/hgk4zl8/Oies7rFa2mShpHlTvrIWgYSAGRdzZwPIPHGceOCCNa0VzhqrTFNjKyrtKupH2IIPPjOufmr02h4HVJ/a+v/Dnwv8P7a2RlDj801hJIJEOkwMpsRoO0bxNhKCjkrgaZo1zFSCWJQNrSSZ9QPuMCSP8Asf20uuNYaOslhGyRw0RBIIye3kbjjxn3z7jjVr6ZgiNzaSWfuDEz74gY1G8HAJP/APif7HGlPVEBpqOveCnpUhqp4oC7YYRqA0jspJOcbYh44C+2tdOsHVsp5uvkFak+jUdRqRmaYNwdO0SD4FKbRUvLULU1DDaH2SBCGVWHqVP/AMgx/rqSSsdZblVSI7JHURrCQmSRhgzt8gsfHwPvqFqKrpI7X3XbbUPJO+VIJAjATIJ5I3EnGB6h5869eaSOlSLZeKC475XEzUbs8YMeS6cqobgjJGVOOCdaSGudI3/Y/pRANygbzVVf1EzRvGEZ1l7r8E7TwufjAHn2XQz0dvWRlKzrg428DH2xo2qgjZYqhxN/FKy7wFKqo3KFA85JHnxzoQ0NRUsaj6qmTu+vaQSVzzjOtDCA2AYUZhdgkjWjuUNFJLFUT0kaMe2oABO4q4zwPIBbH+j4wFdTKlZd5qs1MYqe1vlo8YCtH4cH3XHODz5841aanoq8Q9N0vUsclQtcFCm11lE8KrToTG9aZpWWPtyMQqoSSzOPPAKy09NwHqi+WuIXK49RVMS1FppenaqCsSeYx73eaUFg0CISGEe8q28ZXbzjbSPPP7WfKZSqGjF0p/rKasqahDHPHNErD+KnaBYKP9QXdtPOfsfL+vhWS3xVb3GJLrXHd9c7GadQO0m6VGzhGfeAxGS4bBKqMU2khuFLQySihraiJZY4pFkjcRzxSKTJJEyg7iu0Aef0seMY02eydQ0Njmr1Ja1zyLBBlzh9sv8AMwyMKsygY8FxnBxocWDU8ITAW0dRFS1tZepICBKqswQ95HJyWCsD6tva8+B3B841isvklurKArRwJTVFSryiOTZ2g+XRWXaQVLSOcHGPA551HcOnro3W8dhpbhb44auUz00k1QNkKnAC1JcKqOCWG1gPbAwQT6vtlZaLfSz1NPTPNUA92iMnfktpSQ9vuMBtww9aFXYYwSc5GmxodFQXBQWkG6XCb6GxmmkqKaa4nLGoV8z75GwQpAJAywdcnkAnHPM0NCJaDdcDHM/Z7SM5cANJINoDAAZwGLHnC5+2tbHU2162vqpYI4R/EeN5GLEEAYB4xjzk+kgA+c6kpqcGxyIKhJkmhY1aocyEIoYqRnKnaoYk8k45I1ZJBulvSqOhu1ZeLtSyUirVtPJVIWKg99leUqg8eoYK/f5zronTFqorn0Pd6GmNMaqjSSpjNZdGppu66yCJoosPESq4Uoqo7jcrSAYBXdWVt+t1LQ26+U5p2RVqadY0KrOoCrFKwx6lz3CJf0kLgHGBpTYLjSUdXNLWwQx0aOPqu3NgTK4YOwBBxhXLqccHJ8nUKr6rqRLSAT47/upgxqFeDdKqp6Tq6S9LS1FHbgsNruKUkUtweaQb0iM0rlo6QDv5ESnAZVPJJKOwdV9bdP2qvsfSHU9RQ0dbLLNUwCnil+oYx9sJuZGZRsX28ls5zqGWbuSw76MTRUkLMauKTACou4bSxwSd4CgZHLAnBGgKW61rKKqz2+Gsq1QxmkjiWMsjAdxl4xhRI+CRnIBG7GsLqFGs3I9gcDc5gCCZmSD2+SQquBBBhZoaW9xfh1d+koel7PNYrnUrB+a3Ci7tSku6OLMM+QsZG1fnB+5xpDf6OWl6g+gopjWMkSoQyEqWUFWBAPJUoXJOS3o86vN3uFJL347dTXegjkQyi3zzgos7Esqqu1PTtKkbhkZ+eSLc+pLfNCKS0W2Mw1ssMiVc0IWeMLuYwiMkqVG7APDMEXOORq2g9oJe1sZjJnjEdvBDnzYnRXnpjoH8UazpSxdWdN0ctQtvPcSajuCRucly/biJO1lJjcYxuO7jOCQqb8W+vK6huLP1fdYF+lFVURriSaON/QkakgkAB1Y4bIySTxk0+O9XBupVoaaetM9U2z6eI4SKPtbCPSDu5fHq8bj74IMt1x7d6rq6OOOmiFI0UjVkTMFTarglMkvgo+MljgZ+dcx+FNdzjjAx41b1dBwuXTuuANO6J9LlA6OQd912Lpj8RrxTU9sruqepLNZT+RJFappLQ1fiA4DSStEQ8W4pGcOQCACU5GeD1lit9JTU7VlRCtXES00EaspfcSctHwB6RwpwfcjW1kv9XS0dFNSXhqWOqR1hAPqWIS7ZI8AkjhQFO3IVSw4AOrhbuo7E34gU/VnWFqivtoWomhionk9TTTRK64Uk7ljEWCTkDdjk6hT2ZT2a6pWwrDLh9IDRJEmxgayfqMb7Kb6rqoa15033XOqmoWoenSqNN2ZX3l5H2RLkkM+F43FPHxzqS2F6630k8dbTQrJPFSyLM2JN5DLtDZGFbdH+2B4CnXSqWxmTrCr6rk6d6fsdiulMz2uO6UslYsQQqj9mMhsNmcKgZduSThdo1zejrLvauk6vpOx19RUWC41QMqVNNTxyKMjYZJCGdfb0q/BVsE8g9UF/RNdlhxiQTETroCJHkTvCpygalN7PXGqtlVU9RxxK9MwogzF2WUuowxDcghIzt54OWycY1NM01VRvSV1DBM8hjMizw9yZ1B3rtdhwgBy20EEDHHvXPy+sqYoae5vF3o6xZppjIkaIXlwAz8BeDuz7K4x5xpncYq+jqaugqmjjgpRPA4kcuzvtUmIHaBg5BPPG4eNS6IE2UJKC6psopukauCinolmNOtU0NDULtgRTu9bA4BwGG3ySUHyCxorzDW2GK3XCVW+l+sjgoaanVGqYlcFmjCjDSou8hSQXCk8EDdiKw2pYKW90lakVXEAblSVtKqQLEJMYE4bLM6BsjYPb9WeNreenrTRVwvHSL3mWUNDba43eW3/l0qx7dzBAQ5bCc5B9JB/UDoqvy07NLyLwMs37SQO03nhdTYA4wTCQRVUpQTPM01A8ClVhKgGYTEpJuP6gytk8cFSPnRF7q6au6vujW+kraeZHj2XKoyJIdgG4RIfUrMUUEkeFBI1Sns9VHX1FNL9TEtTTxsyU8ozFvdl2tHzuXchBUElQVPJ3acWdJqqaJLtJN9RI1RLGsLhgZFhClQVPCjapAORnA+Rre5jWguBS0urXD1BJTW+JxFAKaQqWpm7UtQwZshykhyxD5JbnkrlcYx0Lpa/VldizV9qiFG+2IJLJHTyIhDbQqRyKYw7kEYzke3B1z7plzda2oNVPLQRyCIxy0sZZXJGcgqPQSCNpbwF5867f0vQNZqOR4hHUN2kjMktK7LHgD0K0pbLEruLA+4weRjO4ADRdLCtJAKs9qa1RQmkWnrY5IQUQLs7B4/V6OQSRjkAccjONS1bUsUMpooWWRiKdWUMZHGQP184A4z/n51DHPdZGFVH24424YlEix7jJxkkc4Hjj751JUu7tEsimSRduTGofkAn07R5xgZ486qc6VuSmWqkprpUxznuzySNGJYX7ZCgZGSwGcZx/Q5POlNU9FOyQNLSiolXfLCG2uu5ztAdTlTncP/bR9PcPqKOZ6lnQo4AD8M5duFDjgA5BHJIzjAOdL2mRbSkjIsDqQQ0MLOXG7J9IbGTyMnjJ1G+iCua3q227pSsFwrp4aun7zNOlXTNKwbBChCrIik5JGQQCdwHnVB6mZb/d6q5UVuMX1rpJC2wyQl8OJFKHJXGeBuOBH5GAT1m7S0UTNVVdLdJCElZhWgUwc527MKce/PpycHPPA5jcrhHXzpCaGBXIEMFZQujKqH0hE24RTnjc2CBu++N9B180XFpWGuI0VcFK1HTwTS1Rldw0bEjOOSBlj53AnA9ivkjXrRWVMMJm7MxZVaSOMPsQleFGfAcZJA8FT7ZOfE1dtrlRqueTsoEBhlMYmYnuqASMsASgxwTjg60pqiipK1jQGZStNMEiHoYOUDKMcYYbiOPfPkeNZMgzeVkVjlUfWmKSdS0ahVaNclsLuZkGR6jswig+zeSOWlLRrFA9skMlR2YpVapijLIXKOAN+Qxy4VCRlSQeAfUa5HPLT0NTK9MsLRRwmaOnkdWXaA2FwxyRsXzj39zy4huNTbXWKaOnC1O/dCVDfWKQwLcAkDndkc8cA6xPktgXQEZVNNDehFTLFskh7KiCARiR1yrZQAlPSIyG48KfTxolrxNXmCSouMU81LG8UBeUrJvO0gbTk7GdRhgCBtBIydSXJDc6Gvgauq4xUTRM2ZkYVS4VUP8AqChcliMgjk5AwU9upK1rsJYKEmopozKv8aF5AhYeoDcN+AcZxkBN/C5258ocJJgqRCJmuhp6SRIpmh+kCCIBmlBjwfUM7iGLbmB/1uTxxoWSCnlr6VoKiKKJI+9LFI7o0sRI/iIyKQS29sHORgePfNRcoqe6iKphSlqIp44xWiJSFBk9W5xgAYJHgg8DgZzGktLNAZpajtTIHKx0rxSioMihSwOcBt2G9ORtTGeQTJgIE86JIOjFTDE1HHJA1NVHczpNtkUZZe59gN3nwRge40N2bnb6kVArGFWSQtTGQXdzGuV2jPo9QOd2Vbk5AOvTUd4t0hkoq03CkM4pY6gpvNQpwyjGGO1iAwJ/STjJIIAtuqaWtiElHIsEDSMtSVcjJ2YGY8+AoIByDkP5GtIabuFwhF2vqa9xyrAr3ULGyyTNEXc+njLFiAMKDlifUF9iBiydM1sdXOtc1+qKOaOYSRPJOxoVQuOVRFLuSMjDcEHB9XGhrV091PWTmK1SU1ZGXQ0hMKCOZjlE3ruOc7CQrDyCcHUtDY7nHQd+a20OTK5akhL0/cAb1rGwKj1AZ24zuHlsY1N+UiQAr2NcLrr3TlfPUSFKUU0UbuEV4xlJY88HaZVCc524HG3zyNNayogkLVgNPvDhCV2yFcYG7Kvg4HtzkHGqt0pR1MVJTmpqp44zjCKHkjLICrYVgjLtbB3cnzgekatlIOmY1iWrYyl1DSGBndkYNgKC5DBQPcEgAY8nWB9yugw2Qf1m6OnpKmYZdt0OJjJT+rPDN+pV5JABwDxg+dL6tp5bZIkFVEJY9qI0SNvRsZAyAy4AIA4G4DOT40VVQQyxVr0Injo9zFZVQiJGBO5CjKpwcncORk+2TqGjSpnpHpEqFqkYESRyIQzReQBwCQDyN3BGOSdLRT1XIbvS9cx1EzVsMFdQRuzkmrKGnAVgDsO11I8ANzx49hUK2ourU0vYtm6jdENS8VQJFG4Y5JY4HsAPk/OuldQ9BVHfqrza6qhQgfwIo6hVUgZLAK8ZVSCpPDk8EccHXN5+lbnV3apjipauoIj7srtBJFsz+rYWVQxPJwBnA4Hz0qLmm9ufFc+qwg6KvNbTbqo1VN3i8BV45SwIO3b5wSMcE88+nVisXUtRakiphNHS0v1O+qo0VRvGz0lTjgq2WB9tx+dB/Sz24NBTUkPbY7X3gmRsDOdw9Pgj2zxxnxqr1lPNM0rKWD79rqV5DE+CR4PIONX1KLMQIeqASNFeXo4pKpJ4ZTDQ180kztCqs8RcmU7VPjHrxk/I9taV9Xdaa2vVETlAY6ctIuVZwAWwxHHDqCB7kHjOg7cKy3W+6fUCJ2hoztjV1cuREZFQEHPkKSBz5zxp1PPFNeM1tLTGOU5jXZvRJFVfOfJKlCCfjXFrDKbjMB/ldTYvzNTF08LhqxpmqQ0mSBe141F1JSX+2y1TxUwkp4aBhT1OSZO+Y0VQxBPnLuMDAxz7nQ16i+rqpQMdlKnMiqmAyjk5A8gfH9PfRqTWuVDLc6V5acyvg0lMrSK5JAbjBxnzg5xqs3OoFLea+Cmqp5QaUuI3TtqjHJwuP1D7jz/TVGHIqP6gII8fVdz4n+C8RsICqajXs6sxIjNMWOs5ToTEXAtNg/MhTWlLuaeONqemZIjJ/wDT3vyQQOCqpx7jORgjSGtWnp7Xb7B9OpqIKMOHV8ANMXYqQPsYjn3w3zp5VrSS9O0dHLUIVkh3MGIXGCDjI+w4z8/fS+S2z1lZUXOFdmMRRwuvqd0EYRyD/KAW8ecaspPY27rX/wAe5XlsHg6+LcaeHYXGCYHBoJPoPHQJXV1e2kRSheGnmELjbw3suCOcYVsfBJ0iC1GP4cbBP5Qd3j21da63RR2h1nlURpJGd7MC2F3cn2B9Xn99VymtN3NFCfqpWyi+rJGePPnW7D1WFpIKWLwNfBv6LEsLXQDBEG9xI3SF2qXrW5T9RGSy0FNNLTmpa3SzA1NRTKcduRZHAVCoLAEKNu+TAPpbQlqvsfTNn7lspaxaZtkFxrGJT6mN5Gn7UasuISuMBskMB6gTgaUy3d6entRp4opatVg+pVnA3Rxqdy7lzjKSAsoAJ3Nx5OrJa6i7W6r6Wu9VfIX6lWR+y18mnmgtyduJaZSd2FZFaKck7lQEKyEAqaxUJ1sNFzw6U6l6rul8iSgsHUFyp+nJagwQ016qWqKe3wlQHUMF7YYjK+kfpZyB6twxbLHdaLrK0dJQ0tNMLdbDdbslyi+lhlp2mWYLPIxbEREKojJtZhIoG7B1Vq28dQ3GCDpuoudLVSW6qqA09A7R01RNPUtIZlQYjBf1gMETAKDAXgDVtUUt7zUNTcpUqo0jmjEzMJollfCFc4MZO/ajHaFGMeCY56bSc0med/3RmAN0dVV9zusVVFW2tOl1rrg9fJbZqhhHtcsXEbSD0hNuxmJzlUH6dR/7G9AWB73PdOprgdsaiz2uiiDJUGUZWeSUEqIVO1PQFORxnxpjDdbrZa0XSZ2rWo6iMWulqEE1NgnfKyxtxtbCAjPBJOcqNAdWVY6h6qp5L49ut9HJNvrFtUUckdKWMeWgTeMn9R7RcqxBb05zrDUL6tXo2EtabkgjWR1YIMDW88dE2uAuq9TR01SaSnkLN9KwhzFGiht4YKkgBOwtuTORj31bLZdPw1bpivpp6e9U/U81TIkFaZFSjwq7nhdD6jIQdqqoIcsvKjOldba47TcoorTWTVlNUV0ggqp4+29SzOO20kbZKfpX0nIHqHuG0FTWtY6W3S1dFJSrPud5G/4biQEDkcgqAjY8gKo8Z1pqlj/rJgcCR7G992nFQBhWK4XOnq66qtbUiiSCBLetXUIRLu/4jTFM4yzPwPVgKcgkY1z+iW4z2u4y1DwQyyM6QwQRM4dCP0ocEvk5HrPuAPfVxt9TPWdQmgfY9z70VLNDPIoj7hBI7jE7UJRAW5AGecc46J0n+BnVd3jr7PbaqxfX2+p7dXSpUkyAOFZWSRQYWBSRRsVwxI5x7FMVILWtJ8ENa46Bciv1ss1ULZa+n7vd7lV5ZZKitgipVWTthike2RmbDHaRyB294IzgYtVmvVx6TmMtxrILjIyz9yKQ04kSIZXxjexHAGBnHH6jrvd8/A+hj/DNLz0897uN5qoY2CyvTGlSoSUxPIjxFmRI1Vt6KD2wfU+QRrmnUkXT/TPUNLQ2yuPUkUNM1P8AUrUYiknYJGWglpgRJFG4O1XC7tpU++rHdI3+Mcypua5uoVQqrddJuprBW1FzpqwPI0U9LFMzPRKqvGhlBChQV7bJtJBBIzlTgUUySVNBPLiSJ6oIIkO1mYRdxgQeN5AAx7b9FOlxfpCtjou7QPVTKUgSVhHPKGba7Rg7T6nwoP3JGfL/AKavHT9tvNHFcrXBVqG+kmqJ9s4iEqKN/bY+yop3j15JC/GoOdOndz2KsmVXJOm61Or6K5UdzW5XGomQxS0FTGyOSqklZGZVUqvAJIRWXHtpnfKmunqK21z06wV9FM8U1GKhJjLCwcmPuISrt3A3bYZHqZT4Gr7XW2/XWlvl0obPV3anplSsvVdZ6GKmpY6fbtULEpASQxRsSoTHqBJB5NZqbD1R1Jd7WnQsMt6ttLRwvUR0VBI8VBUSEqsOVQBiVUorA4LOw8gjSkuPWGmhJ3KUKpPSVsVU4o6QSGKE0cfnDNuKng8BV3OSTzyBo6Pp253qtexW2juFZ2UkmMENO0srhNgYBcZ2kxOzceAdWiir6OjqZIKoXNmpqyZnpKyPYKWQlmdWiOAru3bRs+Cp4IxqexQV/US0NPHcKGijpZGjaeoqBRmVnyJFZgcvIRnweFXAxzmh+JDBndYDVJokgBJrRYxH0dXXDqmprT1DNX08ptX5fMn1NHPt7VQKkelQ23YikZIwQTniy9T9CLRVFNcaaSakt1bPFUWi03yVZJ66JstOI2p1KOyYO/1DYWQEbmAKup6r6oqrHZoqzrq9VdutlBJSUdJFKEDxgiJcFSvO2NyJDyAgwfcg2q+9UWm6R1sda6S0sctHSSys4WFirOzOucKzbQcoAGZN3BPNz8rpI8N1/VMwllBBabteYaCjrqyC2ZliS4V+ymWSQg7pcANsTKKTyzYCgckjVg6hqaq6/X1Ej9PutrgpqeeoooI4HrEfartBG5WSZgwQbiD+hmA2kjVVt9NKMzyLCys57dIxDESMVB9X8rjOfbyfbTepoJrXFBJT1yQ1dZKDCjBQYQGV9yBs5cqrEjx/Lnzit9JjnBxbcadnO9AdAIG9dCsH4PW282Cnr+qOs6C23GoaSrstPU3CCqpa6JYNwJWJ++kj+p29DY7QBBPBqfUX4cV/SvTtit13/Dq80lzvagC819yjliuBfaETtIAsfkOys4bK5JweK7+F/wCIfTdlvNyjgaomq6qqBpqinqPo6qGSNDiRZo0aRY8PIHWN03qXycatnWnXt4/Ea/11VeauGqiaNYLbaUp5JEdQywqtKPV7SSSHeeR/Nwq63vaxjIgg8Pup9XLG9DXKwdG2Ce8r1XBd7hdJrc1FbZLTcKZ7fTTPGoWoM6TO24SbwyktgOR5xnNDcrNHdb1LYrVdLdZK8RWmrt0NQtRUdhgrF9wVNzxyxgquAp7gDeDkPqGOq6gsdct26gSrqqSkjooSkeFbtZVIysaosbcMdxyRtbJ1vUX2yy2qmFqtctVAdxaS+VIihVTh2SGHBEYMhcg7juJyQNUtqk2YLDnj36QpUxmMDRDRXqwU17qPoKr/AGdo0dqeMGlYSzoEAUOiFhuJUMXOVPjAGuk2OauoJpaCo6XLRFFZ7hHVFUIIUnCOPQfSxwq4JPJ54qv4fWm3wLUXOeN7dVS028zR16VBQEnKgKf4RYYGHYnAJAAGr5ZbjbUvf5TU1AeqVd0cdUrVMfbKecKOc8e/24B06hEwN3POq6tFkAK02oPFU7u5tjbaEkSdS4GMbSNpBzk84PnjGiK6SCHEzzU0UwTIeOIKqhsDnCjnge2Qc6AprgErj36SFWlJT0wLEuACFIAHpyAcDJxu/tpdKxJKOWKUkRrGkZXKykBjj9Y/lxkZ8/8ATVBO5XoAUZmpuzNeaOWokJQKxVHVFTOTnPqOCSSB5HPsa/cKe6x2OJaaiWeMIju9US2wZyCFRgvBz8AA++nFfdDUNKi0bdtneMNUxjaCqtlQPJ53YzxoK5SQU9HJAKVYoF2CeRogVCkgnlsDbzjOToaTvQuf37p7qqvqqutrKilp4nKLKkVdLNmNGJHEg28DJKhh++Dk84uc4FDUvSwSTQvDkSMSBE0RZ0QlWOQUyVUnByw/l1betesIKWqlt295Zihde8IVEOWPpQFDgn3yfB4wOBRa24DtVcsTiOPcEnjaLaroAXRgMnIGSQwxjaQODroUWGJIXOrubNlBc7O09ygqlaKmjq2E2TICN+xuefgo3HuR4ydSWy0Qy0r1UocVEsbusqEMGZAGwwIyCCjAfZx8HQdfcaeH6bcqEghHdj4GAxwB7Nuz88ffTk3b62pZ5WWULUDszhEWWQ5K+oKACSrtnA5IzxnRVdUFMRzzZZNygNGFuscFSsam4VLxks20AqDvyMEges8/8vGPaWesnW8UqK9GJowyd+omKptcHEZAUFeBgZ8ZHgEaZ1cq3ClmmkWPDSy7oXmZjEZd5O1W2nO1yyjODjGSBjUFxgs1RRmqSOQU8tM74RiZIAsylDxkvK258jCgYQDODjOypMBwvz9kwVNPBT3+mVaNZDIrxzxQBkVwQm2TZ6htQhhyQcBdwHnWjVTUsCRVcUytWRMqTlWZ0iRtrESerI2hfSME+c4bGoGjliioblQVFK3eUxLHBDIVTtlMSspAfJDt7ADBxkDRyyi4p+W0Uz1BmqJHRIXjz6eGGSSclNo2lT6V4B86ekA6KQWKKouMtkp6q3otRJGS7gxB2h4DpuK/oB5yxz+s4xyTBPSUgopqGqjjxI21YQoKwuHLK6q3pBJDJlSVYMxP8p1ilt8lUY0s4+lhqEZe1AMRR47jEnc2WR1Q+CcKPORjUUstc0irL2oRSwCVt8RjKowyqpgAMASy598gHRJ/ikmP00FZR/X0N/nozGjSvCBlcgpyrnwpY8DDcZ8cZV1EkFU0MlRbKNZUgjRmAEayg5OFUZy3qORkE7eAOM5pLjI0tKtO8VO8YIcVQ2yO25SEIUYH6wdvAU5x95nWC5U7tJtZI6aLe8cYkgUHaWYhhy4Uxt7ereM/CaCw9bTngnJUFLNa6e9wiiqY6eaKb0zbXYoVwRsAK4IYFOc/8Q8Eattqq7dfqsR3Ggqay6SK22GofdSQRIhyoYAFHY/yscnAwUbkVaKzwQ9y40axy1AlikQuVZULn1g88EhCxJ8Bs/GmENRbKGnpqW2UTTztMZYqaCoE24RufTGoUnPDNuHO3aM8asBB0Mq2m6NdF021Pcl6Rlr7VXS0qIxEcyjvRQQ7Sdu9mDbS2AuX5UsuPcv4IYrnPFK88z1B2iaop6pXh3hshRG7kKhDZ3DJzjkHJ1zO1dSXVvqKCrttbUzGSSZUZEfs8EkKGzud2UAZGRxgHJOmdi/EK0V93jo6myV1PUZRoaqGniEqK7MU7naQbUOPGeSSPPiDmOuYW5j2wFfZ6W5VVSImrKoTuSYahkT0HbxIGY72OCwIJIIbBHtra622WGWKeoa2blK5kiGAjHgkltpIPA4bIxg4OhKuSkp3mp6SRKRUXusGncibA2mPBPvwM4J+5GpRU3GjnLypSqm5sPJ3KZ2VseksqsjYxk5A3BjkHGRmN4WgKOWQS0BSWOqaNjl2aVpu6cZJKgEnB8jOSD/TXJ+qOkbrDUz11voZmtkqd0CnYItOuCTsWQkeSP0ke/gg66dU1jQVi19FTVAkhAMk7IjTHGMKT6TIw52n05DAc51mM1EUs1XPBcRFM5XCpv3A7RuaM5CcDB25GDnjU6VQ07hRewPsV86yW2WeCe6yVE1QcBmhJaSaMjOxg0ZICKfnPO3HJ4BqqaGopkU5pZY1KMZlkh3MCTgjHOTvxwCPg8nXW+qOjbitxNVYay4MJW4NE6RyrydwCOdpA54D+M4xrm3UHTopKx4a/qCKp3ZcwwgpKQqltzBgQ382cMeQfI11KVVr4uufUpFqrO+KE0cgqiXhZpowp3genAy4PzuH9tOKWqmqYaSkR4lMtRDFMHQ7kiZh6QR8bvIJ4UaWVFBabfWmlqO9JEWSXdEgMnbIJJCt6SQDkDcD8nnjIJttVDUU5ZAjlUWaDtuwUkfpGQCAv6c55HJ86srUWvFtVWx7qTw9hgjRZguFZbp1pi9RMIYGmMQZVDq3jL+STuIJ8fGPcq5VLVlbAIzTK2DB35NwWUkE7Yf+Uf6j548a0RP91nrWVNogSHtM3Dnch9PyCBnP3xo5qCghr6KlqKnvRK0cUjwJsVCF4ZgwyNuScADGT7a57msD80Xuu/V+KdoV8G7AVXyx2UGbmG6AE+HduiTJNJcIaq5yU86BjTyfTQoF3ABFA34PwQ2T7EjjQt66mittQIZA6yk53TKcEe/9dJbPXM3XSR96NYmLO7uAq7n3HDH3ABPvjjOm1NIl16wjjeCOQUwdjI7EqV/SAw984z+376z1cKxtTM8S0CV6L4X+La2AwTNl4FoFZ9S7iIGUgQSdZB8miwklEVlU9b0z9dTkkRZlwBkMoHJx74GSB9tKJJ1imeJbjKAjFRgccaNFZAlsg/Lots1UgnCGYwOq9zaOU/SMrxjnkjnSZrvaapzUv0tAzSneWF1lAJPOcHV+FpOaCALT2fc965XxfjqO0cUzEAZapaM95BMdVwMfybFtRYG8rpnVdHHdbWl7kZqeupzKqS0+EyFxgMMEMCFAOfI0x6YQVFBc6eozKlPdEgTcf5HhLsv9W5+eBr2vaoH/ANc88F4Tcjr6Hoqm51kUrtNT5n3SYIkwsZ2OMYKZZjj/AJjqsWOurai8GaarmZoaUQx+sgKjwHIwPjauPjGva9qFP/guPO5Lcn1xqJa6kaqLGBzb5pEEBKiJu6xyo5wc5/vpRRH6qjhklA2szxGIAbQoAOAD48nOMZ99e17VYs087kiiuuK+WivFPTQRximktnfMBB2gxLlQMHIBKIW5ydoyda/XTf7NWeoTbG1VIyzBMgMNkbj9sHIGMcE/Ova9q2B0beeKaX04MdgfDsRJUxxOGOQ/pMYY/LBZGwf2840zj6x6prbZFZ6q+1klM9dT3LcW/jJUIrRRyCbHcykaqqjdgAePOfa9q9pIzc7lYCRMJl0de6241lL03UsHoXuSTxpIzSinPe3MsaSFkCuWJYFTu4z40uu9zuXWF3l6h6jr566uMgZ2ZtqvsMpjBVcAhCSVHgEk+TnXte06rndGDPMJknKEdVVdVRW6toKepmQSymrM4c91JMRjKt7eNV42ijobjcYkEr9umhpUYyMjBGYZ5Qrz6R/184I9r2qcIYBIQfqV9brC5QdUxdQWyCltpucUdNWUNMHalmQdtCGjkZt24BSck8jjHOUt7u8vSvXFFfbdR0kioe+1sqEL0UzGoZB3Ic4YL+oA+G59hj2vavFsQ1o0S/kvUNzuVf0JS2aqrpHoKKuWWngCouzvDMiFwAzqSBgMTjAAwNWartFNRXKz0ULydtqGhqiWIJM08cSvJ4/ViolwfYkHyBr2vapdfPKW4qt1MCW6OrWkJTbOKVSAPTFGzKqDjgegH9yfYka1DmWou0Ug3LEwiQsSSP4indyf1eefv+2Pa9rOdeexVoC5VP1EdJSywQmOaneVsLg5GQOQf686itlNFU0VDRyqMmbaKgAd1TtClg3+o5Bz8qPbIPte1OkbDvTXOrRSQWzq6rNJGq/T7ioYBgwVwuDn2IHOME8/J1f6XM9vrrwGaKrprgogaI7RF6GIwPkEcHXte1txd4J4BTemHSE4lu801TBHUYmWZllLYkJR1O7BBIPnz5z8nVVrrlV2q73CmhcTRUzxtElQO4AWGScHjP8A8+de17RhQCHEq6hou2fh/day80CUV17NVT1OZJIniUIAdybFUAKqYXwAPPxga6Jc7fTrQ0NUdzum14wx9KH9PC+P08fb217XtZH2eYXZZdolDWx2mqS7n1MikkceRk/5/t7Y1DXTzUdG/wBPIU/iJjgcAmMY8cjGfPzr2vaidVIKqXa5SUdPaaiOnp2kqqplkLpn9S7ePjj40g6kaO79U3GgudPFVQ0FveeASAkh1zg5z9h417XtXU7QRzdQdouIXOWOhukpoaaOm3R722szZJXccliTyfb76XyO8dLKqOwCxPs5ztwAwA+wLtgfc69r2u4y7QSuW/VQXMmKhdh6trRqA3PCgoP8Aam+smM/Y9IaFEKzKNrnbggNjg/uRn769r2okCB3qCdvLNBX18aSufXnLeo/qDAc/BPH9NMJKX6e0pWw1NTHItMZMLKVBLMzeB8FzjXte1zSNEhuR8HdWK80i1VQscBhqIwHI2l2COB8AjB4wcqpBGNDdU0rG1U9wlq6mWqlgiDTO/qyjhQwwBhsKvI+OMa9r2lS+rxHsEwUHRtKvU9fURTyxSR4wYztzmEZz85LMT9yfY41pNM71hZ/XKZGR5ZCXaTfKzHduJHk5HGva9qx+o53Ke9a0UrVu6mqFQqzsAwUAqUYgEe3I8jGD8ahqK4u9S0FNDSgQquyHcAQABzkn/Uf8a9r2m3UhRUjVdQk1QzSd0wqlQvc5/iDOWPznGD8jTvcaC6Un020d2EzMHUONyjI9JGPI+P+2Pa9qFWxgc2UggqS+1i3tkZI3R51UqWcDyvIwww3/N5++ut2dvrKWorpVUTyRyxl1GCAjFQc+Sec5OeQMY17XtVvNwOdQtdDepOmbpUXq419lr1WSmo+2kfqfcQ7YO5i3PHj+nwNWapkPTtdB+WKFSUorxyEsMYZSBnlQdqnAI5A17XtZqn1ELa3SVre0hem7ctPHKiu0YDg5K4zjPnyBznP30tjt8E9NR3bfMk9QZQ4WQlQRn1KDnDHauSPOP3z7XtQaUyp5qVK3rGG21DyGKaOMsyNscbmY8FceCOP7HI41znrahp7JeYPy8PGZZAkh3HDhTuGV/SeQDyOcfvn2vauoHrAKqt9K55U3itFO1DJ2Z4KmJpys8KyCN+8MlARhd3kgcHSOuuE7Q0dV6RM1MUd+SX2sUDHJ/VtCjI/0g+ede17XYpjTncufuS6jmeZTC54yBuHDefn+up+oKuoakdhIUNTDIJNnGcBcf8Acf117XtReB07VU7RT22nirsRTqf4s0McjqSGYdll8/sD/c6lp62oSZ54GWCWOJykkKhSAcHB+QNxxnXte1mdd0FLO5jszDBHBFtAsVgSdWctDG/bychQGYAAe3gePjVWpnLUULEAkopPH217XtXUP5d6lmLzLjK//9k=','LOREMT');
/*!40000 ALTER TABLE `product` ENABLE KEYS */;
UNLOCK TABLES;

--
-- Table structure for table `role`
--

DROP TABLE IF EXISTS `role`;
/*!40101 SET @saved_cs_client     = @@character_set_client */;
/*!40101 SET character_set_client = utf8 */;
CREATE TABLE `role` (
  `id` bigint(20) NOT NULL AUTO_INCREMENT,
  `name` varchar(255) NOT NULL,
  `code` varchar(255) NOT NULL,
  `createddate` timestamp NULL DEFAULT NULL,
  `modifieddate` timestamp NULL DEFAULT NULL,
  `createdby` varchar(255) DEFAULT NULL,
  `modifiedby` varchar(255) DEFAULT NULL,
  PRIMARY KEY (`id`)
) ENGINE=InnoDB AUTO_INCREMENT=3 DEFAULT CHARSET=utf8;
/*!40101 SET character_set_client = @saved_cs_client */;

--
-- Dumping data for table `role`
--

LOCK TABLES `role` WRITE;
/*!40000 ALTER TABLE `role` DISABLE KEYS */;
INSERT INTO `role` VALUES (1,'ADMIN','ADMIN',NULL,NULL,NULL,NULL),(2,'USER','USER',NULL,NULL,NULL,NULL);
/*!40000 ALTER TABLE `role` ENABLE KEYS */;
UNLOCK TABLES;

--
-- Table structure for table `user`
--

DROP TABLE IF EXISTS `user`;
/*!40101 SET @saved_cs_client     = @@character_set_client */;
/*!40101 SET character_set_client = utf8 */;
CREATE TABLE `user` (
  `id` bigint(20) NOT NULL AUTO_INCREMENT,
  `username` varchar(150) NOT NULL,
  `password` varchar(150) NOT NULL,
  `fullname` varchar(150) DEFAULT NULL,
  `status` int(11) NOT NULL,
  `roleid` bigint(20) NOT NULL,
  `createddate` timestamp NULL DEFAULT NULL,
  `modifieddate` timestamp NULL DEFAULT NULL,
  `createdby` varchar(255) DEFAULT NULL,
  `modifiedby` varchar(255) DEFAULT NULL,
  PRIMARY KEY (`id`),
  KEY `fk_user_role` (`roleid`),
  CONSTRAINT `fk_user_role` FOREIGN KEY (`roleid`) REFERENCES `role` (`id`)
) ENGINE=InnoDB AUTO_INCREMENT=8 DEFAULT CHARSET=utf8;
/*!40101 SET character_set_client = @saved_cs_client */;

--
-- Dumping data for table `user`
--

LOCK TABLES `user` WRITE;
/*!40000 ALTER TABLE `user` DISABLE KEYS */;
INSERT INTO `user` VALUES (1,'admin','123456','admin',1,1,NULL,NULL,NULL,NULL),(4,'tranxuanviet','123456','Xuân Việt',1,2,NULL,NULL,NULL,NULL),(5,'nakun','123456','NaKun',1,2,NULL,NULL,NULL,NULL),(6,'minh','123456','dfddsdsdsds',1,1,NULL,NULL,NULL,NULL),(7,'viet345','123456','FFFFF',1,2,NULL,NULL,NULL,NULL);
/*!40000 ALTER TABLE `user` ENABLE KEYS */;
UNLOCK TABLES;
/*!40103 SET TIME_ZONE=@OLD_TIME_ZONE */;

/*!40101 SET SQL_MODE=@OLD_SQL_MODE */;
/*!40014 SET FOREIGN_KEY_CHECKS=@OLD_FOREIGN_KEY_CHECKS */;
/*!40014 SET UNIQUE_CHECKS=@OLD_UNIQUE_CHECKS */;
/*!40101 SET CHARACTER_SET_CLIENT=@OLD_CHARACTER_SET_CLIENT */;
/*!40101 SET CHARACTER_SET_RESULTS=@OLD_CHARACTER_SET_RESULTS */;
/*!40101 SET COLLATION_CONNECTION=@OLD_COLLATION_CONNECTION */;
/*!40111 SET SQL_NOTES=@OLD_SQL_NOTES */;

-- Dump completed on 2019-07-12  9:44:38
